accession	HydDB	Description	HydDB_evalue
GCA_000008085-CALJACFG_00010	-	-	-
GCA_000008085-CALJACFG_00020	-	-	-
GCA_000008085-CALJACFG_00030	-	-	-
GCA_000008085-CALJACFG_00040	-	-	-
GCA_000008085-CALJACFG_00050	-	-	-
GCA_000008085-CALJACFG_00060	-	-	-
GCA_000008085-CALJACFG_00070	-	-	-
GCA_000008085-CALJACFG_00080	-	-	-
GCA_000008085-CALJACFG_00090	-	-	-
GCA_000008085-CALJACFG_00100	-	-	-
GCA_000008085-CALJACFG_00110	-	-	-
GCA_000008085-CALJACFG_00120	-	-	-
GCA_000008085-CALJACFG_00130	-	-	-
GCA_000008085-CALJACFG_00140	-	-	-
GCA_000008085-CALJACFG_00150	-	-	-
GCA_000008085-CALJACFG_00160	-	-	-
GCA_000008085-CALJACFG_00170	-	-	-
GCA_000008085-CALJACFG_00180	-	-	-
GCA_000008085-CALJACFG_00190	-	-	-
GCA_000008085-CALJACFG_00200	-	-	-
GCA_000008085-CALJACFG_00210	-	-	-
GCA_000008085-CALJACFG_00220	-	-	-
GCA_000008085-CALJACFG_00230	-	-	-
GCA_000008085-CALJACFG_00240	-	-	-
GCA_000008085-CALJACFG_00250	-	-	-
GCA_000008085-CALJACFG_00260	-	-	-
GCA_000008085-CALJACFG_00270	-	-	-
GCA_000008085-CALJACFG_00280	-	-	-
GCA_000008085-CALJACFG_00290	-	-	-
GCA_000008085-CALJACFG_00300	-	-	-
GCA_000008085-CALJACFG_00310	-	-	-
GCA_000008085-CALJACFG_00320	-	-	-
GCA_000008085-CALJACFG_00330	-	-	-
GCA_000008085-CALJACFG_00340	-	-	-
GCA_000008085-CALJACFG_00350	-	-	-
GCA_000008085-CALJACFG_00360	-	-	-
GCA_000008085-CALJACFG_00370	-	-	-
GCA_000008085-CALJACFG_00380	-	-	-
GCA_000008085-CALJACFG_00390	-	-	-
GCA_000008085-CALJACFG_00400	-	-	-
GCA_000008085-CALJACFG_00410	-	-	-
GCA_000008085-CALJACFG_00420	-	-	-
GCA_000008085-CALJACFG_00430	-	-	-
GCA_000008085-CALJACFG_00440	-	-	-
GCA_000008085-CALJACFG_00450	-	-	-
GCA_000008085-CALJACFG_00460	-	-	-
GCA_000008085-CALJACFG_00470	-	-	-
GCA_000008085-CALJACFG_00480	-	-	-
GCA_000008085-CALJACFG_00490	-	-	-
GCA_000008085-CALJACFG_00500	-	-	-
GCA_000008085-CALJACFG_00510	-	-	-
GCA_000008085-CALJACFG_00520	-	-	-
GCA_000008085-CALJACFG_00530	-	-	-
GCA_000008085-CALJACFG_00540	-	-	-
GCA_000008085-CALJACFG_00550	-	-	-
GCA_000008085-CALJACFG_00560	-	-	-
GCA_000008085-CALJACFG_00570	-	-	-
GCA_000008085-CALJACFG_00580	-	-	-
GCA_000008085-CALJACFG_00590	-	-	-
GCA_000008085-CALJACFG_00600	-	-	-
GCA_000008085-CALJACFG_00610	-	-	-
GCA_000008085-CALJACFG_00620	-	-	-
GCA_000008085-CALJACFG_00630	-	-	-
GCA_000008085-CALJACFG_00640	-	-	-
GCA_000008085-CALJACFG_00650	-	-	-
GCA_000008085-CALJACFG_00660	-	-	-
GCA_000008085-CALJACFG_00670	-	-	-
GCA_000008085-CALJACFG_00680	-	-	-
GCA_000008085-CALJACFG_00690	-	-	-
GCA_000008085-CALJACFG_00700	-	-	-
GCA_000008085-CALJACFG_00710	-	-	-
GCA_000008085-CALJACFG_00720	-	-	-
GCA_000008085-CALJACFG_00730	-	-	-
GCA_000008085-CALJACFG_00740	-	-	-
GCA_000008085-CALJACFG_00750	-	-	-
GCA_000008085-CALJACFG_00760	-	-	-
GCA_000008085-CALJACFG_00770	-	-	-
GCA_000008085-CALJACFG_00780	-	-	-
GCA_000008085-CALJACFG_00790	-	-	-
GCA_000008085-CALJACFG_00800	-	-	-
GCA_000008085-CALJACFG_00810	-	-	-
GCA_000008085-CALJACFG_00820	-	-	-
GCA_000008085-CALJACFG_00830	-	-	-
GCA_000008085-CALJACFG_00840	-	-	-
GCA_000008085-CALJACFG_00850	-	-	-
GCA_000008085-CALJACFG_00860	-	-	-
GCA_000008085-CALJACFG_00870	-	-	-
GCA_000008085-CALJACFG_00880	-	-	-
GCA_000008085-CALJACFG_00890	-	-	-
GCA_000008085-CALJACFG_00900	-	-	-
GCA_000008085-CALJACFG_00910	-	-	-
GCA_000008085-CALJACFG_00920	-	-	-
GCA_000008085-CALJACFG_00930	-	-	-
GCA_000008085-CALJACFG_00940	-	-	-
GCA_000008085-CALJACFG_00950	-	-	-
GCA_000008085-CALJACFG_00960	-	-	-
GCA_000008085-CALJACFG_00970	-	-	-
GCA_000008085-CALJACFG_00980	-	-	-
GCA_000008085-CALJACFG_00990	-	-	-
GCA_000008085-CALJACFG_01000	-	-	-
GCA_000008085-CALJACFG_01010	-	-	-
GCA_000008085-CALJACFG_01020	-	-	-
GCA_000008085-CALJACFG_01030	-	-	-
GCA_000008085-CALJACFG_01040	-	-	-
GCA_000008085-CALJACFG_01050	-	-	-
GCA_000008085-CALJACFG_01060	-	-	-
GCA_000008085-CALJACFG_01070	-	-	-
GCA_000008085-CALJACFG_01080	-	-	-
GCA_000008085-CALJACFG_01090	-	-	-
GCA_000008085-CALJACFG_01100	-	-	-
GCA_000008085-CALJACFG_01110	-	-	-
GCA_000008085-CALJACFG_01120	-	-	-
GCA_000008085-CALJACFG_01130	-	-	-
GCA_000008085-CALJACFG_01140	-	-	-
GCA_000008085-CALJACFG_01150	-	-	-
GCA_000008085-CALJACFG_01160	-	-	-
GCA_000008085-CALJACFG_01170	-	-	-
GCA_000008085-CALJACFG_01180	-	-	-
GCA_000008085-CALJACFG_01190	-	-	-
GCA_000008085-CALJACFG_01200	-	-	-
GCA_000008085-CALJACFG_01210	-	-	-
GCA_000008085-CALJACFG_01220	-	-	-
GCA_000008085-CALJACFG_01230	-	-	-
GCA_000008085-CALJACFG_01240	-	-	-
GCA_000008085-CALJACFG_01250	-	-	-
GCA_000008085-CALJACFG_01260	-	-	-
GCA_000008085-CALJACFG_01270	-	-	-
GCA_000008085-CALJACFG_01280	-	-	-
GCA_000008085-CALJACFG_01290	-	-	-
GCA_000008085-CALJACFG_01300	-	-	-
GCA_000008085-CALJACFG_01310	-	-	-
GCA_000008085-CALJACFG_01320	-	-	-
GCA_000008085-CALJACFG_01330	-	-	-
GCA_000008085-CALJACFG_01340	-	-	-
GCA_000008085-CALJACFG_01350	-	-	-
GCA_000008085-CALJACFG_01360	-	-	-
GCA_000008085-CALJACFG_01370	-	-	-
GCA_000008085-CALJACFG_01380	-	-	-
GCA_000008085-CALJACFG_01390	-	-	-
GCA_000008085-CALJACFG_01400	-	-	-
GCA_000008085-CALJACFG_01410	-	-	-
GCA_000008085-CALJACFG_01420	-	-	-
GCA_000008085-CALJACFG_01430	-	-	-
GCA_000008085-CALJACFG_01440	-	-	-
GCA_000008085-CALJACFG_01450	-	-	-
GCA_000008085-CALJACFG_01460	-	-	-
GCA_000008085-CALJACFG_01470	-	-	-
GCA_000008085-CALJACFG_01480	-	-	-
GCA_000008085-CALJACFG_01490	-	-	-
GCA_000008085-CALJACFG_01500	-	-	-
GCA_000008085-CALJACFG_01510	-	-	-
GCA_000008085-CALJACFG_01520	-	-	-
GCA_000008085-CALJACFG_01530	-	-	-
GCA_000008085-CALJACFG_01540	-	-	-
GCA_000008085-CALJACFG_01550	-	-	-
GCA_000008085-CALJACFG_01560	-	-	-
GCA_000008085-CALJACFG_01570	-	-	-
GCA_000008085-CALJACFG_01580	-	-	-
GCA_000008085-CALJACFG_01590	-	-	-
GCA_000008085-CALJACFG_01600	-	-	-
GCA_000008085-CALJACFG_01610	-	-	-
GCA_000008085-CALJACFG_01620	-	-	-
GCA_000008085-CALJACFG_01630	-	-	-
GCA_000008085-CALJACFG_01640	-	-	-
GCA_000008085-CALJACFG_01650	-	-	-
GCA_000008085-CALJACFG_01660	-	-	-
GCA_000008085-CALJACFG_01670	-	-	-
GCA_000008085-CALJACFG_01680	-	-	-
GCA_000008085-CALJACFG_01690	-	-	-
GCA_000008085-CALJACFG_01700	-	-	-
GCA_000008085-CALJACFG_01710	-	-	-
GCA_000008085-CALJACFG_01720	-	-	-
GCA_000008085-CALJACFG_01730	-	-	-
GCA_000008085-CALJACFG_01740	-	-	-
GCA_000008085-CALJACFG_01750	-	-	-
GCA_000008085-CALJACFG_01760	-	-	-
GCA_000008085-CALJACFG_01770	-	-	-
GCA_000008085-CALJACFG_01780	-	-	-
GCA_000008085-CALJACFG_01790	-	-	-
GCA_000008085-CALJACFG_01800	-	-	-
GCA_000008085-CALJACFG_01810	-	-	-
GCA_000008085-CALJACFG_01820	-	-	-
GCA_000008085-CALJACFG_01830	-	-	-
GCA_000008085-CALJACFG_01840	-	-	-
GCA_000008085-CALJACFG_01850	-	-	-
GCA_000008085-CALJACFG_01860	-	-	-
GCA_000008085-CALJACFG_01870	-	-	-
GCA_000008085-CALJACFG_01880	-	-	-
GCA_000008085-CALJACFG_01890	-	-	-
GCA_000008085-CALJACFG_01900	-	-	-
GCA_000008085-CALJACFG_01910	-	-	-
GCA_000008085-CALJACFG_01920	-	-	-
GCA_000008085-CALJACFG_01930	-	-	-
GCA_000008085-CALJACFG_01940	-	-	-
GCA_000008085-CALJACFG_01950	-	-	-
GCA_000008085-CALJACFG_01960	-	-	-
GCA_000008085-CALJACFG_01970	-	-	-
GCA_000008085-CALJACFG_01980	-	-	-
GCA_000008085-CALJACFG_01990	-	-	-
GCA_000008085-CALJACFG_02000	-	-	-
GCA_000008085-CALJACFG_02010	-	-	-
GCA_000008085-CALJACFG_02020	-	-	-
GCA_000008085-CALJACFG_02030	-	-	-
GCA_000008085-CALJACFG_02040	-	-	-
GCA_000008085-CALJACFG_02050	-	-	-
GCA_000008085-CALJACFG_02060	-	-	-
GCA_000008085-CALJACFG_02070	-	-	-
GCA_000008085-CALJACFG_02080	-	-	-
GCA_000008085-CALJACFG_02090	-	-	-
GCA_000008085-CALJACFG_02100	-	-	-
GCA_000008085-CALJACFG_02110	-	-	-
GCA_000008085-CALJACFG_02120	-	-	-
GCA_000008085-CALJACFG_02130	-	-	-
GCA_000008085-CALJACFG_02140	-	-	-
GCA_000008085-CALJACFG_02150	-	-	-
GCA_000008085-CALJACFG_02160	-	-	-
GCA_000008085-CALJACFG_02170	-	-	-
GCA_000008085-CALJACFG_02180	-	-	-
GCA_000008085-CALJACFG_02190	-	-	-
GCA_000008085-CALJACFG_02200	-	-	-
GCA_000008085-CALJACFG_02210	-	-	-
GCA_000008085-CALJACFG_02220	-	-	-
GCA_000008085-CALJACFG_02230	-	-	-
GCA_000008085-CALJACFG_02240	-	-	-
GCA_000008085-CALJACFG_02250	-	-	-
GCA_000008085-CALJACFG_02260	-	-	-
GCA_000008085-CALJACFG_02270	-	-	-
GCA_000008085-CALJACFG_02280	-	-	-
GCA_000008085-CALJACFG_02290	-	-	-
GCA_000008085-CALJACFG_02300	-	-	-
GCA_000008085-CALJACFG_02310	-	-	-
GCA_000008085-CALJACFG_02320	-	-	-
GCA_000008085-CALJACFG_02330	-	-	-
GCA_000008085-CALJACFG_02340	-	-	-
GCA_000008085-CALJACFG_02350	-	-	-
GCA_000008085-CALJACFG_02360	-	-	-
GCA_000008085-CALJACFG_02370	-	-	-
GCA_000008085-CALJACFG_02380	-	-	-
GCA_000008085-CALJACFG_02390	-	-	-
GCA_000008085-CALJACFG_02400	-	-	-
GCA_000008085-CALJACFG_02410	-	-	-
GCA_000008085-CALJACFG_02420	-	-	-
GCA_000008085-CALJACFG_02430	-	-	-
GCA_000008085-CALJACFG_02440	-	-	-
GCA_000008085-CALJACFG_02450	-	-	-
GCA_000008085-CALJACFG_02460	-	-	-
GCA_000008085-CALJACFG_02470	-	-	-
GCA_000008085-CALJACFG_02480	-	-	-
GCA_000008085-CALJACFG_02490	-	-	-
GCA_000008085-CALJACFG_02500	-	-	-
GCA_000008085-CALJACFG_02510	-	-	-
GCA_000008085-CALJACFG_02520	-	-	-
GCA_000008085-CALJACFG_02530	-	-	-
GCA_000008085-CALJACFG_02540	-	-	-
GCA_000008085-CALJACFG_02550	-	-	-
GCA_000008085-CALJACFG_02560	-	-	-
GCA_000008085-CALJACFG_02570	-	-	-
GCA_000008085-CALJACFG_02580	-	-	-
GCA_000008085-CALJACFG_02590	-	-	-
GCA_000008085-CALJACFG_02600	-	-	-
GCA_000008085-CALJACFG_02610	-	-	-
GCA_000008085-CALJACFG_02620	-	-	-
GCA_000008085-CALJACFG_02630	-	-	-
GCA_000008085-CALJACFG_02640	-	-	-
GCA_000008085-CALJACFG_02650	-	-	-
GCA_000008085-CALJACFG_02660	-	-	-
GCA_000008085-CALJACFG_02670	-	-	-
GCA_000008085-CALJACFG_02680	-	-	-
GCA_000008085-CALJACFG_02690	-	-	-
GCA_000008085-CALJACFG_02700	-	-	-
GCA_000008085-CALJACFG_02710	-	-	-
GCA_000008085-CALJACFG_02720	-	-	-
GCA_000008085-CALJACFG_02730	-	-	-
GCA_000008085-CALJACFG_02740	-	-	-
GCA_000008085-CALJACFG_02750	-	-	-
GCA_000008085-CALJACFG_02760	-	-	-
GCA_000008085-CALJACFG_02770	-	-	-
GCA_000008085-CALJACFG_02780	-	-	-
GCA_000008085-CALJACFG_02790	-	-	-
GCA_000008085-CALJACFG_02800	-	-	-
GCA_000008085-CALJACFG_02810	-	-	-
GCA_000008085-CALJACFG_02820	-	-	-
GCA_000008085-CALJACFG_02830	-	-	-
GCA_000008085-CALJACFG_02840	-	-	-
GCA_000008085-CALJACFG_02850	-	-	-
GCA_000008085-CALJACFG_02860	-	-	-
GCA_000008085-CALJACFG_02870	-	-	-
GCA_000008085-CALJACFG_02880	-	-	-
GCA_000008085-CALJACFG_02890	-	-	-
GCA_000008085-CALJACFG_02900	-	-	-
GCA_000008085-CALJACFG_02910	-	-	-
GCA_000008085-CALJACFG_02920	-	-	-
GCA_000008085-CALJACFG_02930	-	-	-
GCA_000008085-CALJACFG_02940	-	-	-
GCA_000008085-CALJACFG_02950	-	-	-
GCA_000008085-CALJACFG_02960	-	-	-
GCA_000008085-CALJACFG_02970	-	-	-
GCA_000008085-CALJACFG_02980	-	-	-
GCA_000008085-CALJACFG_02990	-	-	-
GCA_000008085-CALJACFG_03000	-	-	-
GCA_000008085-CALJACFG_03010	-	-	-
GCA_000008085-CALJACFG_03020	-	-	-
GCA_000008085-CALJACFG_03030	-	-	-
GCA_000008085-CALJACFG_03040	-	-	-
GCA_000008085-CALJACFG_03050	-	-	-
GCA_000008085-CALJACFG_03060	-	-	-
GCA_000008085-CALJACFG_03070	-	-	-
GCA_000008085-CALJACFG_03080	-	-	-
GCA_000008085-CALJACFG_03090	-	-	-
GCA_000008085-CALJACFG_03100	-	-	-
GCA_000008085-CALJACFG_03110	-	-	-
GCA_000008085-CALJACFG_03120	-	-	-
GCA_000008085-CALJACFG_03130	-	-	-
GCA_000008085-CALJACFG_03140	-	-	-
GCA_000008085-CALJACFG_03150	-	-	-
GCA_000008085-CALJACFG_03160	-	-	-
GCA_000008085-CALJACFG_03170	-	-	-
GCA_000008085-CALJACFG_03180	-	-	-
GCA_000008085-CALJACFG_03190	-	-	-
GCA_000008085-CALJACFG_03200	-	-	-
GCA_000008085-CALJACFG_03210	-	-	-
GCA_000008085-CALJACFG_03220	-	-	-
GCA_000008085-CALJACFG_03230	-	-	-
GCA_000008085-CALJACFG_03240	-	-	-
GCA_000008085-CALJACFG_03250	-	-	-
GCA_000008085-CALJACFG_03260	-	-	-
GCA_000008085-CALJACFG_03270	-	-	-
GCA_000008085-CALJACFG_03280	-	-	-
GCA_000008085-CALJACFG_03290	-	-	-
GCA_000008085-CALJACFG_03300	-	-	-
GCA_000008085-CALJACFG_03310	-	-	-
GCA_000008085-CALJACFG_03320	-	-	-
GCA_000008085-CALJACFG_03330	-	-	-
GCA_000008085-CALJACFG_03340	-	-	-
GCA_000008085-CALJACFG_03350	-	-	-
GCA_000008085-CALJACFG_03360	-	-	-
GCA_000008085-CALJACFG_03370	-	-	-
GCA_000008085-CALJACFG_03380	-	-	-
GCA_000008085-CALJACFG_03390	-	-	-
GCA_000008085-CALJACFG_03400	-	-	-
GCA_000008085-CALJACFG_03410	-	-	-
GCA_000008085-CALJACFG_03420	-	-	-
GCA_000008085-CALJACFG_03430	-	-	-
GCA_000008085-CALJACFG_03440	-	-	-
GCA_000008085-CALJACFG_03450	-	-	-
GCA_000008085-CALJACFG_03460	-	-	-
GCA_000008085-CALJACFG_03470	-	-	-
GCA_000008085-CALJACFG_03480	-	-	-
GCA_000008085-CALJACFG_03490	-	-	-
GCA_000008085-CALJACFG_03500	-	-	-
GCA_000008085-CALJACFG_03510	-	-	-
GCA_000008085-CALJACFG_03520	-	-	-
GCA_000008085-CALJACFG_03530	-	-	-
GCA_000008085-CALJACFG_03540	-	-	-
GCA_000008085-CALJACFG_03550	-	-	-
GCA_000008085-CALJACFG_03560	-	-	-
GCA_000008085-CALJACFG_03570	-	-	-
GCA_000008085-CALJACFG_03580	-	-	-
GCA_000008085-CALJACFG_03590	-	-	-
GCA_000008085-CALJACFG_03600	-	-	-
GCA_000008085-CALJACFG_03610	-	-	-
GCA_000008085-CALJACFG_03620	-	-	-
GCA_000008085-CALJACFG_03630	-	-	-
GCA_000008085-CALJACFG_03640	-	-	-
GCA_000008085-CALJACFG_03650	-	-	-
GCA_000008085-CALJACFG_03660	-	-	-
GCA_000008085-CALJACFG_03670	-	-	-
GCA_000008085-CALJACFG_03680	-	-	-
GCA_000008085-CALJACFG_03690	-	-	-
GCA_000008085-CALJACFG_03700	-	-	-
GCA_000008085-CALJACFG_03710	-	-	-
GCA_000008085-CALJACFG_03720	-	-	-
GCA_000008085-CALJACFG_03730	-	-	-
GCA_000008085-CALJACFG_03740	-	-	-
GCA_000008085-CALJACFG_03750	-	-	-
GCA_000008085-CALJACFG_03760	-	-	-
GCA_000008085-CALJACFG_03770	-	-	-
GCA_000008085-CALJACFG_03780	-	-	-
GCA_000008085-CALJACFG_03790	-	-	-
GCA_000008085-CALJACFG_03800	-	-	-
GCA_000008085-CALJACFG_03810	-	-	-
GCA_000008085-CALJACFG_03820	-	-	-
GCA_000008085-CALJACFG_03830	-	-	-
GCA_000008085-CALJACFG_03840	-	-	-
GCA_000008085-CALJACFG_03850	-	-	-
GCA_000008085-CALJACFG_03860	-	-	-
GCA_000008085-CALJACFG_03870	-	-	-
GCA_000008085-CALJACFG_03880	-	-	-
GCA_000008085-CALJACFG_03890	-	-	-
GCA_000008085-CALJACFG_03900	-	-	-
GCA_000008085-CALJACFG_03910	-	-	-
GCA_000008085-CALJACFG_03920	-	-	-
GCA_000008085-CALJACFG_03930	-	-	-
GCA_000008085-CALJACFG_03940	-	-	-
GCA_000008085-CALJACFG_03950	-	-	-
GCA_000008085-CALJACFG_03960	-	-	-
GCA_000008085-CALJACFG_03970	-	-	-
GCA_000008085-CALJACFG_03980	-	-	-
GCA_000008085-CALJACFG_03990	-	-	-
GCA_000008085-CALJACFG_04000	-	-	-
GCA_000008085-CALJACFG_04010	-	-	-
GCA_000008085-CALJACFG_04020	-	-	-
GCA_000008085-CALJACFG_04030	-	-	-
GCA_000008085-CALJACFG_04040	-	-	-
GCA_000008085-CALJACFG_04050	-	-	-
GCA_000008085-CALJACFG_04060	-	-	-
GCA_000008085-CALJACFG_04070	-	-	-
GCA_000008085-CALJACFG_04080	-	-	-
GCA_000008085-CALJACFG_04090	-	-	-
GCA_000008085-CALJACFG_04100	-	-	-
GCA_000008085-CALJACFG_04110	-	-	-
GCA_000008085-CALJACFG_04120	-	-	-
GCA_000008085-CALJACFG_04130	-	-	-
GCA_000008085-CALJACFG_04140	-	-	-
GCA_000008085-CALJACFG_04150	-	-	-
GCA_000008085-CALJACFG_04160	-	-	-
GCA_000008085-CALJACFG_04170	-	-	-
GCA_000008085-CALJACFG_04180	-	-	-
GCA_000008085-CALJACFG_04190	-	-	-
GCA_000008085-CALJACFG_04200	-	-	-
GCA_000008085-CALJACFG_04210	-	-	-
GCA_000008085-CALJACFG_04220	-	-	-
GCA_000008085-CALJACFG_04230	-	-	-
GCA_000008085-CALJACFG_04240	-	-	-
GCA_000008085-CALJACFG_04250	-	-	-
GCA_000008085-CALJACFG_04260	-	-	-
GCA_000008085-CALJACFG_04270	-	-	-
GCA_000008085-CALJACFG_04280	-	-	-
GCA_000008085-CALJACFG_04290	-	-	-
GCA_000008085-CALJACFG_04300	-	-	-
GCA_000008085-CALJACFG_04310	-	-	-
GCA_000008085-CALJACFG_04320	-	-	-
GCA_000008085-CALJACFG_04330	-	-	-
GCA_000008085-CALJACFG_04340	-	-	-
GCA_000008085-CALJACFG_04350	-	-	-
GCA_000008085-CALJACFG_04360	-	-	-
GCA_000008085-CALJACFG_04370	-	-	-
GCA_000008085-CALJACFG_04380	-	-	-
GCA_000008085-CALJACFG_04390	-	-	-
GCA_000008085-CALJACFG_04400	-	-	-
GCA_000008085-CALJACFG_04410	-	-	-
GCA_000008085-CALJACFG_04420	-	-	-
GCA_000008085-CALJACFG_04430	-	-	-
GCA_000008085-CALJACFG_04440	-	-	-
GCA_000008085-CALJACFG_04450	-	-	-
GCA_000008085-CALJACFG_04460	-	-	-
GCA_000008085-CALJACFG_04470	-	-	-
GCA_000008085-CALJACFG_04480	-	-	-
GCA_000008085-CALJACFG_04490	-	-	-
GCA_000008085-CALJACFG_04500	-	-	-
GCA_000008085-CALJACFG_04510	-	-	-
GCA_000008085-CALJACFG_04520	-	-	-
GCA_000008085-CALJACFG_04530	-	-	-
GCA_000008085-CALJACFG_04540	-	-	-
GCA_000008085-CALJACFG_04550	-	-	-
GCA_000008085-CALJACFG_04560	-	-	-
GCA_000008085-CALJACFG_04570	-	-	-
GCA_000008085-CALJACFG_04580	-	-	-
GCA_000008085-CALJACFG_04590	-	-	-
GCA_000008085-CALJACFG_04600	-	-	-
GCA_000008085-CALJACFG_04610	-	-	-
GCA_000008085-CALJACFG_04620	-	-	-
GCA_000008085-CALJACFG_04630	-	-	-
GCA_000008085-CALJACFG_04640	-	-	-
GCA_000008085-CALJACFG_04650	-	-	-
GCA_000008085-CALJACFG_04660	-	-	-
GCA_000008085-CALJACFG_04670	-	-	-
GCA_000008085-CALJACFG_04680	-	-	-
GCA_000008085-CALJACFG_04690	-	-	-
GCA_000008085-CALJACFG_04700	-	-	-
GCA_000008085-CALJACFG_04710	-	-	-
GCA_000008085-CALJACFG_04720	-	-	-
GCA_000008085-CALJACFG_04730	-	-	-
GCA_000008085-CALJACFG_04740	-	-	-
GCA_000008085-CALJACFG_04750	-	-	-
GCA_000008085-CALJACFG_04760	-	-	-
GCA_000008085-CALJACFG_04770	-	-	-
GCA_000008085-CALJACFG_04780	-	-	-
GCA_000008085-CALJACFG_04790	-	-	-
GCA_000008085-CALJACFG_04800	-	-	-
GCA_000008085-CALJACFG_04810	-	-	-
GCA_000008085-CALJACFG_04820	-	-	-
GCA_000008085-CALJACFG_04830	-	-	-
GCA_000008085-CALJACFG_04840	-	-	-
GCA_000008085-CALJACFG_04850	-	-	-
GCA_000008085-CALJACFG_04860	-	-	-
GCA_000008085-CALJACFG_04870	-	-	-
GCA_000008085-CALJACFG_04880	-	-	-
GCA_000008085-CALJACFG_04890	-	-	-
GCA_000008085-CALJACFG_04900	-	-	-
GCA_000008085-CALJACFG_04910	-	-	-
GCA_000008085-CALJACFG_04920	-	-	-
GCA_000008085-CALJACFG_04930	-	-	-
GCA_000008085-CALJACFG_04940	-	-	-
GCA_000008085-CALJACFG_04950	-	-	-
GCA_000008085-CALJACFG_04960	-	-	-
GCA_000008085-CALJACFG_04970	-	-	-
GCA_000008085-CALJACFG_04980	-	-	-
GCA_000008085-CALJACFG_04990	-	-	-
GCA_000008085-CALJACFG_05000	-	-	-
GCA_000008085-CALJACFG_05010	-	-	-
GCA_000008085-CALJACFG_05020	-	-	-
GCA_000008085-CALJACFG_05030	-	-	-
GCA_000008085-CALJACFG_05040	-	-	-
GCA_000008085-CALJACFG_05050	-	-	-
GCA_000008085-CALJACFG_05060	-	-	-
GCA_000008085-CALJACFG_05070	-	-	-
GCA_000008085-CALJACFG_05080	-	-	-
GCA_000008085-CALJACFG_05090	-	-	-
GCA_000008085-CALJACFG_05100	-	-	-
GCA_000008085-CALJACFG_05110	-	-	-
GCA_000008085-CALJACFG_05120	-	-	-
GCA_000008085-CALJACFG_05130	-	-	-
GCA_000008085-CALJACFG_05140	-	-	-
GCA_000008085-CALJACFG_05150	-	-	-
GCA_000008085-CALJACFG_05160	-	-	-
GCA_000008085-CALJACFG_05170	-	-	-
GCA_000008085-CALJACFG_05180	-	-	-
GCA_000008085-CALJACFG_05190	-	-	-
GCA_000008085-CALJACFG_05200	-	-	-
GCA_000008085-CALJACFG_05210	-	-	-
GCA_000008085-CALJACFG_05220	-	-	-
GCA_000008085-CALJACFG_05230	-	-	-
GCA_000008085-CALJACFG_05240	-	-	-
GCA_000008085-CALJACFG_05250	-	-	-
GCA_000008085-CALJACFG_05260	-	-	-
GCA_000008085-CALJACFG_05270	-	-	-
GCA_000008085-CALJACFG_05280	-	-	-
GCA_000008085-CALJACFG_05290	-	-	-
GCA_000008085-CALJACFG_05300	-	-	-
GCA_000008085-CALJACFG_05310	-	-	-
GCA_000008085-CALJACFG_05320	-	-	-
GCA_000008085-CALJACFG_05330	-	-	-
GCA_000008085-CALJACFG_05340	-	-	-
GCA_000008085-CALJACFG_05350	-	-	-
GCA_000008085-CALJACFG_05360	-	-	-
GCA_000008085-CALJACFG_05370	-	-	-
GCA_000008085-CALJACFG_05380	-	-	-
GCA_000008085-CALJACFG_05390	-	-	-
GCA_000008085-CALJACFG_05400	-	-	-
GCA_000008085-CALJACFG_05410	-	-	-
GCA_000008085-CALJACFG_05420	-	-	-
GCA_000008085-CALJACFG_05430	-	-	-
GCA_000008085-CALJACFG_05440	-	-	-
GCA_000008085-CALJACFG_05450	-	-	-
GCA_000008085-CALJACFG_05460	-	-	-
GCA_000008085-CALJACFG_05470	-	-	-
GCA_000008085-CALJACFG_05480	-	-	-
GCA_000008085-CALJACFG_05490	-	-	-
GCA_000008085-CALJACFG_05500	-	-	-
GCA_000008085-CALJACFG_05510	-	-	-
GCA_000008085-CALJACFG_05520	-	-	-
GCA_000008085-CALJACFG_05530	-	-	-
GCA_000008085-CALJACFG_05540	-	-	-
GCA_000008085-CALJACFG_05550	-	-	-
GCA_000008085-CALJACFG_05560	-	-	-
GCA_000008085-CALJACFG_05570	-	-	-
GCA_000008085-CALJACFG_05580	-	-	-
GCA_000008085-CALJACFG_05590	-	-	-
GCA_000008085-CALJACFG_05600	-	-	-
GCA_000008085-CALJACFG_05610	-	-	-
GCA_000008085-CALJACFG_05620	-	-	-
GCA_000008085-CALJACFG_05630	-	-	-
GCA_000008085-CALJACFG_05640	-	-	-
GCA_000008085-CALJACFG_05650	-	-	-
GCA_000008085-CALJACFG_05660	-	-	-
GCA_000008085-CALJACFG_05670	-	-	-
GCA_000008085-CALJACFG_05680	-	-	-
GCA_000008085-CALJACFG_05690	-	-	-
GCA_000008085-CALJACFG_05700	-	-	-
GCA_000008085-CALJACFG_05710	-	-	-
GCA_000008085-CALJACFG_05720	-	-	-
GCA_000008085-CALJACFG_05730	-	-	-
GCA_000008085-CALJACFG_05740	-	-	-
GCA_000008085-CALJACFG_05750	-	-	-
GCA_000008085-CALJACFG_05760	-	-	-
GCA_000008085-CALJACFG_05770	-	-	-
GCA_000008085-CALJACFG_05780	-	-	-
GCA_000008085-CALJACFG_05790	-	-	-
GCA_000008085-CALJACFG_05800	-	-	-
GCA_000017945-FLGBHGLA_00010	-	-	-
GCA_000017945-FLGBHGLA_00020	-	-	-
GCA_000017945-FLGBHGLA_00030	-	-	-
GCA_000017945-FLGBHGLA_00040	-	-	-
GCA_000017945-FLGBHGLA_00050	-	-	-
GCA_000017945-FLGBHGLA_00060	-	-	-
GCA_000017945-FLGBHGLA_00070	-	-	-
GCA_000017945-FLGBHGLA_00080	-	-	-
GCA_000017945-FLGBHGLA_00090	-	-	-
GCA_000017945-FLGBHGLA_00100	-	-	-
GCA_000017945-FLGBHGLA_00110	-	-	-
GCA_000017945-FLGBHGLA_00120	-	-	-
GCA_000017945-FLGBHGLA_00130	-	-	-
GCA_000017945-FLGBHGLA_00140	-	-	-
GCA_000017945-FLGBHGLA_00150	-	-	-
GCA_000017945-FLGBHGLA_00160	-	-	-
GCA_000017945-FLGBHGLA_00170	-	-	-
GCA_000017945-FLGBHGLA_00180	-	-	-
GCA_000017945-FLGBHGLA_00190	-	-	-
GCA_000017945-FLGBHGLA_00200	-	-	-
GCA_000017945-FLGBHGLA_00210	-	-	-
GCA_000017945-FLGBHGLA_00220	-	-	-
GCA_000017945-FLGBHGLA_00230	-	-	-
GCA_000017945-FLGBHGLA_00240	-	-	-
GCA_000017945-FLGBHGLA_00250	-	-	-
GCA_000017945-FLGBHGLA_00260	-	-	-
GCA_000017945-FLGBHGLA_00270	-	-	-
GCA_000017945-FLGBHGLA_00280	-	-	-
GCA_000017945-FLGBHGLA_00290	-	-	-
GCA_000017945-FLGBHGLA_00300	-	-	-
GCA_000017945-FLGBHGLA_00310	-	-	-
GCA_000017945-FLGBHGLA_00320	-	-	-
GCA_000017945-FLGBHGLA_00330	-	-	-
GCA_000017945-FLGBHGLA_00340	-	-	-
GCA_000017945-FLGBHGLA_00350	-	-	-
GCA_000017945-FLGBHGLA_00360	-	-	-
GCA_000017945-FLGBHGLA_00370	-	-	-
GCA_000017945-FLGBHGLA_00380	-	-	-
GCA_000017945-FLGBHGLA_00390	-	-	-
GCA_000017945-FLGBHGLA_00400	-	-	-
GCA_000017945-FLGBHGLA_00410	-	-	-
GCA_000017945-FLGBHGLA_00420	-	-	-
GCA_000017945-FLGBHGLA_00430	-	-	-
GCA_000017945-FLGBHGLA_00440	-	-	-
GCA_000017945-FLGBHGLA_00450	-	-	-
GCA_000017945-FLGBHGLA_00460	-	-	-
GCA_000017945-FLGBHGLA_00470	-	-	-
GCA_000017945-FLGBHGLA_00480	-	-	-
GCA_000017945-FLGBHGLA_00490	-	-	-
GCA_000017945-FLGBHGLA_00500	-	-	-
GCA_000017945-FLGBHGLA_00510	-	-	-
GCA_000017945-FLGBHGLA_00520	-	-	-
GCA_000017945-FLGBHGLA_00530	-	-	-
GCA_000017945-FLGBHGLA_00540	-	-	-
GCA_000017945-FLGBHGLA_00550	-	-	-
GCA_000017945-FLGBHGLA_00560	-	-	-
GCA_000017945-FLGBHGLA_00570	-	-	-
GCA_000017945-FLGBHGLA_00580	-	-	-
GCA_000017945-FLGBHGLA_00590	-	-	-
GCA_000017945-FLGBHGLA_00600	-	-	-
GCA_000017945-FLGBHGLA_00610	-	-	-
GCA_000017945-FLGBHGLA_00620	-	-	-
GCA_000017945-FLGBHGLA_00630	-	-	-
GCA_000017945-FLGBHGLA_00640	-	-	-
GCA_000017945-FLGBHGLA_00650	-	-	-
GCA_000017945-FLGBHGLA_00660	-	-	-
GCA_000017945-FLGBHGLA_00670	-	-	-
GCA_000017945-FLGBHGLA_00680	-	-	-
GCA_000017945-FLGBHGLA_00690	-	-	-
GCA_000017945-FLGBHGLA_00700	-	-	-
GCA_000017945-FLGBHGLA_00710	-	-	-
GCA_000017945-FLGBHGLA_00720	-	-	-
GCA_000017945-FLGBHGLA_00730	-	-	-
GCA_000017945-FLGBHGLA_00740	-	-	-
GCA_000017945-FLGBHGLA_00750	-	-	-
GCA_000017945-FLGBHGLA_00760	-	-	-
GCA_000017945-FLGBHGLA_00770	-	-	-
GCA_000017945-FLGBHGLA_00780	-	-	-
GCA_000017945-FLGBHGLA_00790	-	-	-
GCA_000017945-FLGBHGLA_00800	-	-	-
GCA_000017945-FLGBHGLA_00810	-	-	-
GCA_000017945-FLGBHGLA_00820	-	-	-
GCA_000017945-FLGBHGLA_00830	-	-	-
GCA_000017945-FLGBHGLA_00840	-	-	-
GCA_000017945-FLGBHGLA_00850	-	-	-
GCA_000017945-FLGBHGLA_00860	-	-	-
GCA_000017945-FLGBHGLA_00870	-	-	-
GCA_000017945-FLGBHGLA_00880	-	-	-
GCA_000017945-FLGBHGLA_00890	-	-	-
GCA_000017945-FLGBHGLA_00900	-	-	-
GCA_000017945-FLGBHGLA_00910	-	-	-
GCA_000017945-FLGBHGLA_00920	-	-	-
GCA_000017945-FLGBHGLA_00930	-	-	-
GCA_000017945-FLGBHGLA_00940	-	-	-
GCA_000017945-FLGBHGLA_00950	-	-	-
GCA_000017945-FLGBHGLA_00960	-	-	-
GCA_000017945-FLGBHGLA_00970	-	-	-
GCA_000017945-FLGBHGLA_00980	-	-	-
GCA_000017945-FLGBHGLA_00990	-	-	-
GCA_000017945-FLGBHGLA_01000	-	-	-
GCA_000017945-FLGBHGLA_01010	-	-	-
GCA_000017945-FLGBHGLA_01020	-	-	-
GCA_000017945-FLGBHGLA_01030	-	-	-
GCA_000017945-FLGBHGLA_01040	-	-	-
GCA_000017945-FLGBHGLA_01050	-	-	-
GCA_000017945-FLGBHGLA_01060	-	-	-
GCA_000017945-FLGBHGLA_01070	-	-	-
GCA_000017945-FLGBHGLA_01080	-	-	-
GCA_000017945-FLGBHGLA_01090	-	-	-
GCA_000017945-FLGBHGLA_01100	-	-	-
GCA_000017945-FLGBHGLA_01110	-	-	-
GCA_000017945-FLGBHGLA_01120	-	-	-
GCA_000017945-FLGBHGLA_01130	-	-	-
GCA_000017945-FLGBHGLA_01140	-	-	-
GCA_000017945-FLGBHGLA_01150	-	-	-
GCA_000017945-FLGBHGLA_01160	-	-	-
GCA_000017945-FLGBHGLA_01170	-	-	-
GCA_000017945-FLGBHGLA_01180	-	-	-
GCA_000017945-FLGBHGLA_01190	-	-	-
GCA_000017945-FLGBHGLA_01200	-	-	-
GCA_000017945-FLGBHGLA_01210	-	-	-
GCA_000017945-FLGBHGLA_01220	-	-	-
GCA_000017945-FLGBHGLA_01230	-	-	-
GCA_000017945-FLGBHGLA_01240	-	-	-
GCA_000017945-FLGBHGLA_01250	-	-	-
GCA_000017945-FLGBHGLA_01260	-	-	-
GCA_000017945-FLGBHGLA_01270	-	-	-
GCA_000017945-FLGBHGLA_01280	-	-	-
GCA_000017945-FLGBHGLA_01290	-	-	-
GCA_000017945-FLGBHGLA_01300	-	-	-
GCA_000017945-FLGBHGLA_01310	-	-	-
GCA_000017945-FLGBHGLA_01320	-	-	-
GCA_000017945-FLGBHGLA_01330	-	-	-
GCA_000017945-FLGBHGLA_01340	-	-	-
GCA_000017945-FLGBHGLA_01350	-	-	-
GCA_000017945-FLGBHGLA_01360	-	-	-
GCA_000017945-FLGBHGLA_01370	-	-	-
GCA_000017945-FLGBHGLA_01380	-	-	-
GCA_000017945-FLGBHGLA_01390	-	-	-
GCA_000017945-FLGBHGLA_01400	-	-	-
GCA_000017945-FLGBHGLA_01410	-	-	-
GCA_000017945-FLGBHGLA_01420	-	-	-
GCA_000017945-FLGBHGLA_01430	-	-	-
GCA_000017945-FLGBHGLA_01440	-	-	-
GCA_000017945-FLGBHGLA_01450	-	-	-
GCA_000017945-FLGBHGLA_01460	-	-	-
GCA_000017945-FLGBHGLA_01470	-	-	-
GCA_000017945-FLGBHGLA_01480	-	-	-
GCA_000017945-FLGBHGLA_01490	-	-	-
GCA_000017945-FLGBHGLA_01500	-	-	-
GCA_000017945-FLGBHGLA_01510	-	-	-
GCA_000017945-FLGBHGLA_01520	-	-	-
GCA_000017945-FLGBHGLA_01530	-	-	-
GCA_000017945-FLGBHGLA_01540	-	-	-
GCA_000017945-FLGBHGLA_01550	-	-	-
GCA_000017945-FLGBHGLA_01560	-	-	-
GCA_000017945-FLGBHGLA_01570	-	-	-
GCA_000017945-FLGBHGLA_01580	-	-	-
GCA_000017945-FLGBHGLA_01590	-	-	-
GCA_000017945-FLGBHGLA_01600	-	-	-
GCA_000017945-FLGBHGLA_01610	-	-	-
GCA_000017945-FLGBHGLA_01620	-	-	-
GCA_000017945-FLGBHGLA_01630	-	-	-
GCA_000017945-FLGBHGLA_01640	-	-	-
GCA_000017945-FLGBHGLA_01650	-	-	-
GCA_000017945-FLGBHGLA_01660	-	-	-
GCA_000017945-FLGBHGLA_01670	-	-	-
GCA_000017945-FLGBHGLA_01680	-	-	-
GCA_000017945-FLGBHGLA_01690	-	-	-
GCA_000017945-FLGBHGLA_01700	-	-	-
GCA_000017945-FLGBHGLA_01710	-	-	-
GCA_000017945-FLGBHGLA_01720	-	-	-
GCA_000017945-FLGBHGLA_01730	-	-	-
GCA_000017945-FLGBHGLA_01740	-	-	-
GCA_000017945-FLGBHGLA_01750	-	-	-
GCA_000017945-FLGBHGLA_01760	-	-	-
GCA_000017945-FLGBHGLA_01770	-	-	-
GCA_000017945-FLGBHGLA_01780	-	-	-
GCA_000017945-FLGBHGLA_01790	-	-	-
GCA_000017945-FLGBHGLA_01800	-	-	-
GCA_000017945-FLGBHGLA_01810	-	-	-
GCA_000017945-FLGBHGLA_01820	-	-	-
GCA_000017945-FLGBHGLA_01830	-	-	-
GCA_000017945-FLGBHGLA_01840	-	-	-
GCA_000017945-FLGBHGLA_01850	-	-	-
GCA_000017945-FLGBHGLA_01860	-	-	-
GCA_000017945-FLGBHGLA_01870	-	-	-
GCA_000017945-FLGBHGLA_01880	-	-	-
GCA_000017945-FLGBHGLA_01890	-	-	-
GCA_000017945-FLGBHGLA_01900	-	-	-
GCA_000017945-FLGBHGLA_01910	-	-	-
GCA_000017945-FLGBHGLA_01920	-	-	-
GCA_000017945-FLGBHGLA_01930	-	-	-
GCA_000017945-FLGBHGLA_01940	-	-	-
GCA_000017945-FLGBHGLA_01950	-	-	-
GCA_000017945-FLGBHGLA_01960	-	-	-
GCA_000017945-FLGBHGLA_01970	-	-	-
GCA_000017945-FLGBHGLA_01980	-	-	-
GCA_000017945-FLGBHGLA_01990	-	-	-
GCA_000017945-FLGBHGLA_02000	-	-	-
GCA_000017945-FLGBHGLA_02010	-	-	-
GCA_000017945-FLGBHGLA_02020	-	-	-
GCA_000017945-FLGBHGLA_02030	-	-	-
GCA_000017945-FLGBHGLA_02040	-	-	-
GCA_000017945-FLGBHGLA_02050	-	-	-
GCA_000017945-FLGBHGLA_02060	-	-	-
GCA_000017945-FLGBHGLA_02070	-	-	-
GCA_000017945-FLGBHGLA_02080	-	-	-
GCA_000017945-FLGBHGLA_02090	-	-	-
GCA_000017945-FLGBHGLA_02100	-	-	-
GCA_000017945-FLGBHGLA_02110	-	-	-
GCA_000017945-FLGBHGLA_02120	-	-	-
GCA_000017945-FLGBHGLA_02130	-	-	-
GCA_000017945-FLGBHGLA_02140	-	-	-
GCA_000017945-FLGBHGLA_02150	-	-	-
GCA_000017945-FLGBHGLA_02160	-	-	-
GCA_000017945-FLGBHGLA_02170	-	-	-
GCA_000017945-FLGBHGLA_02180	-	-	-
GCA_000017945-FLGBHGLA_02190	-	-	-
GCA_000017945-FLGBHGLA_02200	-	-	-
GCA_000017945-FLGBHGLA_02210	-	-	-
GCA_000017945-FLGBHGLA_02220	-	-	-
GCA_000017945-FLGBHGLA_02230	-	-	-
GCA_000017945-FLGBHGLA_02240	-	-	-
GCA_000017945-FLGBHGLA_02250	-	-	-
GCA_000017945-FLGBHGLA_02260	-	-	-
GCA_000017945-FLGBHGLA_02270	-	-	-
GCA_000017945-FLGBHGLA_02280	-	-	-
GCA_000017945-FLGBHGLA_02290	-	-	-
GCA_000017945-FLGBHGLA_02300	-	-	-
GCA_000017945-FLGBHGLA_02310	-	-	-
GCA_000017945-FLGBHGLA_02320	-	-	-
GCA_000017945-FLGBHGLA_02330	-	-	-
GCA_000017945-FLGBHGLA_02340	-	-	-
GCA_000017945-FLGBHGLA_02350	-	-	-
GCA_000017945-FLGBHGLA_02360	-	-	-
GCA_000017945-FLGBHGLA_02370	-	-	-
GCA_000017945-FLGBHGLA_02380	-	-	-
GCA_000017945-FLGBHGLA_02390	-	-	-
GCA_000017945-FLGBHGLA_02400	-	-	-
GCA_000017945-FLGBHGLA_02410	-	-	-
GCA_000017945-FLGBHGLA_02420	-	-	-
GCA_000017945-FLGBHGLA_02430	-	-	-
GCA_000017945-FLGBHGLA_02440	-	-	-
GCA_000017945-FLGBHGLA_02450	-	-	-
GCA_000017945-FLGBHGLA_02460	-	-	-
GCA_000017945-FLGBHGLA_02470	-	-	-
GCA_000017945-FLGBHGLA_02480	-	-	-
GCA_000017945-FLGBHGLA_02490	-	-	-
GCA_000017945-FLGBHGLA_02500	-	-	-
GCA_000017945-FLGBHGLA_02510	-	-	-
GCA_000017945-FLGBHGLA_02520	-	-	-
GCA_000017945-FLGBHGLA_02530	-	-	-
GCA_000017945-FLGBHGLA_02540	-	-	-
GCA_000017945-FLGBHGLA_02550	-	-	-
GCA_000017945-FLGBHGLA_02560	-	-	-
GCA_000017945-FLGBHGLA_02570	-	-	-
GCA_000017945-FLGBHGLA_02580	-	-	-
GCA_000017945-FLGBHGLA_02590	-	-	-
GCA_000017945-FLGBHGLA_02600	-	-	-
GCA_000017945-FLGBHGLA_02610	-	-	-
GCA_000017945-FLGBHGLA_02620	-	-	-
GCA_000017945-FLGBHGLA_02630	-	-	-
GCA_000017945-FLGBHGLA_02640	-	-	-
GCA_000017945-FLGBHGLA_02650	-	-	-
GCA_000017945-FLGBHGLA_02660	-	-	-
GCA_000017945-FLGBHGLA_02670	-	-	-
GCA_000017945-FLGBHGLA_02680	-	-	-
GCA_000017945-FLGBHGLA_02690	-	-	-
GCA_000017945-FLGBHGLA_02700	-	-	-
GCA_000017945-FLGBHGLA_02710	-	-	-
GCA_000017945-FLGBHGLA_02720	-	-	-
GCA_000017945-FLGBHGLA_02730	-	-	-
GCA_000017945-FLGBHGLA_02740	-	-	-
GCA_000017945-FLGBHGLA_02750	-	-	-
GCA_000017945-FLGBHGLA_02760	-	-	-
GCA_000017945-FLGBHGLA_02770	-	-	-
GCA_000017945-FLGBHGLA_02780	-	-	-
GCA_000017945-FLGBHGLA_02790	-	-	-
GCA_000017945-FLGBHGLA_02800	-	-	-
GCA_000017945-FLGBHGLA_02810	-	-	-
GCA_000017945-FLGBHGLA_02820	-	-	-
GCA_000017945-FLGBHGLA_02830	-	-	-
GCA_000017945-FLGBHGLA_02840	-	-	-
GCA_000017945-FLGBHGLA_02850	-	-	-
GCA_000017945-FLGBHGLA_02860	-	-	-
GCA_000017945-FLGBHGLA_02870	-	-	-
GCA_000017945-FLGBHGLA_02880	-	-	-
GCA_000017945-FLGBHGLA_02890	-	-	-
GCA_000017945-FLGBHGLA_02900	-	-	-
GCA_000017945-FLGBHGLA_02910	-	-	-
GCA_000017945-FLGBHGLA_02920	-	-	-
GCA_000017945-FLGBHGLA_02930	-	-	-
GCA_000017945-FLGBHGLA_02940	-	-	-
GCA_000017945-FLGBHGLA_02950	-	-	-
GCA_000017945-FLGBHGLA_02960	-	-	-
GCA_000017945-FLGBHGLA_02970	-	-	-
GCA_000017945-FLGBHGLA_02980	-	-	-
GCA_000017945-FLGBHGLA_02990	-	-	-
GCA_000017945-FLGBHGLA_03000	-	-	-
GCA_000017945-FLGBHGLA_03010	-	-	-
GCA_000017945-FLGBHGLA_03020	-	-	-
GCA_000017945-FLGBHGLA_03030	-	-	-
GCA_000017945-FLGBHGLA_03040	-	-	-
GCA_000017945-FLGBHGLA_03050	-	-	-
GCA_000017945-FLGBHGLA_03060	-	-	-
GCA_000017945-FLGBHGLA_03070	-	-	-
GCA_000017945-FLGBHGLA_03080	-	-	-
GCA_000017945-FLGBHGLA_03090	-	-	-
GCA_000017945-FLGBHGLA_03100	-	-	-
GCA_000017945-FLGBHGLA_03110	-	-	-
GCA_000017945-FLGBHGLA_03120	-	-	-
GCA_000017945-FLGBHGLA_03130	-	-	-
GCA_000017945-FLGBHGLA_03140	-	-	-
GCA_000017945-FLGBHGLA_03150	-	-	-
GCA_000017945-FLGBHGLA_03160	-	-	-
GCA_000017945-FLGBHGLA_03170	-	-	-
GCA_000017945-FLGBHGLA_03180	-	-	-
GCA_000017945-FLGBHGLA_03190	-	-	-
GCA_000017945-FLGBHGLA_03200	-	-	-
GCA_000017945-FLGBHGLA_03210	-	-	-
GCA_000017945-FLGBHGLA_03220	-	-	-
GCA_000017945-FLGBHGLA_03230	-	-	-
GCA_000017945-FLGBHGLA_03240	-	-	-
GCA_000017945-FLGBHGLA_03250	-	-	-
GCA_000017945-FLGBHGLA_03260	-	-	-
GCA_000017945-FLGBHGLA_03270	-	-	-
GCA_000017945-FLGBHGLA_03280	-	-	-
GCA_000017945-FLGBHGLA_03290	-	-	-
GCA_000017945-FLGBHGLA_03300	-	-	-
GCA_000017945-FLGBHGLA_03310	-	-	-
GCA_000017945-FLGBHGLA_03320	-	-	-
GCA_000017945-FLGBHGLA_03330	-	-	-
GCA_000017945-FLGBHGLA_03340	-	-	-
GCA_000017945-FLGBHGLA_03350	-	-	-
GCA_000017945-FLGBHGLA_03360	-	-	-
GCA_000017945-FLGBHGLA_03370	-	-	-
GCA_000017945-FLGBHGLA_03380	-	-	-
GCA_000017945-FLGBHGLA_03390	-	-	-
GCA_000017945-FLGBHGLA_03400	-	-	-
GCA_000017945-FLGBHGLA_03410	-	-	-
GCA_000017945-FLGBHGLA_03420	-	-	-
GCA_000017945-FLGBHGLA_03430	-	-	-
GCA_000017945-FLGBHGLA_03440	-	-	-
GCA_000017945-FLGBHGLA_03450	-	-	-
GCA_000017945-FLGBHGLA_03460	-	-	-
GCA_000017945-FLGBHGLA_03470	-	-	-
GCA_000017945-FLGBHGLA_03480	-	-	-
GCA_000017945-FLGBHGLA_03490	-	-	-
GCA_000017945-FLGBHGLA_03500	-	-	-
GCA_000017945-FLGBHGLA_03510	-	-	-
GCA_000017945-FLGBHGLA_03520	-	-	-
GCA_000017945-FLGBHGLA_03530	-	-	-
GCA_000017945-FLGBHGLA_03540	-	-	-
GCA_000017945-FLGBHGLA_03550	-	-	-
GCA_000017945-FLGBHGLA_03560	-	-	-
GCA_000017945-FLGBHGLA_03570	-	-	-
GCA_000017945-FLGBHGLA_03580	-	-	-
GCA_000017945-FLGBHGLA_03590	-	-	-
GCA_000017945-FLGBHGLA_03600	-	-	-
GCA_000017945-FLGBHGLA_03610	-	-	-
GCA_000017945-FLGBHGLA_03620	-	-	-
GCA_000017945-FLGBHGLA_03630	-	-	-
GCA_000017945-FLGBHGLA_03640	-	-	-
GCA_000017945-FLGBHGLA_03650	-	-	-
GCA_000017945-FLGBHGLA_03660	-	-	-
GCA_000017945-FLGBHGLA_03670	-	-	-
GCA_000017945-FLGBHGLA_03680	-	-	-
GCA_000017945-FLGBHGLA_03690	-	-	-
GCA_000017945-FLGBHGLA_03700	-	-	-
GCA_000017945-FLGBHGLA_03710	-	-	-
GCA_000017945-FLGBHGLA_03720	-	-	-
GCA_000017945-FLGBHGLA_03730	-	-	-
GCA_000017945-FLGBHGLA_03740	-	-	-
GCA_000017945-FLGBHGLA_03750	-	-	-
GCA_000017945-FLGBHGLA_03760	-	-	-
GCA_000017945-FLGBHGLA_03770	-	-	-
GCA_000017945-FLGBHGLA_03780	-	-	-
GCA_000017945-FLGBHGLA_03790	-	-	-
GCA_000017945-FLGBHGLA_03800	-	-	-
GCA_000017945-FLGBHGLA_03810	-	-	-
GCA_000017945-FLGBHGLA_03820	-	-	-
GCA_000017945-FLGBHGLA_03830	-	-	-
GCA_000017945-FLGBHGLA_03840	-	-	-
GCA_000017945-FLGBHGLA_03850	-	-	-
GCA_000017945-FLGBHGLA_03860	-	-	-
GCA_000017945-FLGBHGLA_03870	-	-	-
GCA_000017945-FLGBHGLA_03880	-	-	-
GCA_000017945-FLGBHGLA_03890	-	-	-
GCA_000017945-FLGBHGLA_03900	-	-	-
GCA_000017945-FLGBHGLA_03910	-	-	-
GCA_000017945-FLGBHGLA_03920	-	-	-
GCA_000017945-FLGBHGLA_03930	-	-	-
GCA_000017945-FLGBHGLA_03940	-	-	-
GCA_000017945-FLGBHGLA_03950	-	-	-
GCA_000017945-FLGBHGLA_03960	-	-	-
GCA_000017945-FLGBHGLA_03970	-	-	-
GCA_000017945-FLGBHGLA_03980	-	-	-
GCA_000017945-FLGBHGLA_03990	-	-	-
GCA_000017945-FLGBHGLA_04000	-	-	-
GCA_000017945-FLGBHGLA_04010	-	-	-
GCA_000017945-FLGBHGLA_04020	-	-	-
GCA_000017945-FLGBHGLA_04030	-	-	-
GCA_000017945-FLGBHGLA_04040	-	-	-
GCA_000017945-FLGBHGLA_04050	-	-	-
GCA_000017945-FLGBHGLA_04060	-	-	-
GCA_000017945-FLGBHGLA_04070	-	-	-
GCA_000017945-FLGBHGLA_04080	-	-	-
GCA_000017945-FLGBHGLA_04090	-	-	-
GCA_000017945-FLGBHGLA_04100	-	-	-
GCA_000017945-FLGBHGLA_04110	-	-	-
GCA_000017945-FLGBHGLA_04120	-	-	-
GCA_000017945-FLGBHGLA_04130	-	-	-
GCA_000017945-FLGBHGLA_04140	-	-	-
GCA_000017945-FLGBHGLA_04150	-	-	-
GCA_000017945-FLGBHGLA_04160	-	-	-
GCA_000017945-FLGBHGLA_04170	-	-	-
GCA_000017945-FLGBHGLA_04180	-	-	-
GCA_000017945-FLGBHGLA_04190	-	-	-
GCA_000017945-FLGBHGLA_04200	-	-	-
GCA_000017945-FLGBHGLA_04210	-	-	-
GCA_000017945-FLGBHGLA_04220	-	-	-
GCA_000017945-FLGBHGLA_04230	-	-	-
GCA_000017945-FLGBHGLA_04240	-	-	-
GCA_000017945-FLGBHGLA_04250	-	-	-
GCA_000017945-FLGBHGLA_04260	-	-	-
GCA_000017945-FLGBHGLA_04270	-	-	-
GCA_000017945-FLGBHGLA_04280	-	-	-
GCA_000017945-FLGBHGLA_04290	-	-	-
GCA_000017945-FLGBHGLA_04300	-	-	-
GCA_000017945-FLGBHGLA_04310	-	-	-
GCA_000017945-FLGBHGLA_04320	-	-	-
GCA_000017945-FLGBHGLA_04330	-	-	-
GCA_000017945-FLGBHGLA_04340	-	-	-
GCA_000017945-FLGBHGLA_04350	-	-	-
GCA_000017945-FLGBHGLA_04360	-	-	-
GCA_000017945-FLGBHGLA_04370	-	-	-
GCA_000017945-FLGBHGLA_04380	-	-	-
GCA_000017945-FLGBHGLA_04390	-	-	-
GCA_000017945-FLGBHGLA_04400	-	-	-
GCA_000017945-FLGBHGLA_04410	-	-	-
GCA_000017945-FLGBHGLA_04420	-	-	-
GCA_000017945-FLGBHGLA_04430	-	-	-
GCA_000017945-FLGBHGLA_04440	-	-	-
GCA_000017945-FLGBHGLA_04450	-	-	-
GCA_000017945-FLGBHGLA_04460	-	-	-
GCA_000017945-FLGBHGLA_04470	-	-	-
GCA_000017945-FLGBHGLA_04480	-	-	-
GCA_000017945-FLGBHGLA_04490	-	-	-
GCA_000017945-FLGBHGLA_04500	-	-	-
GCA_000017945-FLGBHGLA_04510	-	-	-
GCA_000017945-FLGBHGLA_04520	-	-	-
GCA_000017945-FLGBHGLA_04530	-	-	-
GCA_000017945-FLGBHGLA_04540	-	-	-
GCA_000017945-FLGBHGLA_04550	-	-	-
GCA_000017945-FLGBHGLA_04560	-	-	-
GCA_000017945-FLGBHGLA_04570	-	-	-
GCA_000017945-FLGBHGLA_04580	-	-	-
GCA_000017945-FLGBHGLA_04590	-	-	-
GCA_000017945-FLGBHGLA_04600	-	-	-
GCA_000017945-FLGBHGLA_04610	-	-	-
GCA_000017945-FLGBHGLA_04620	-	-	-
GCA_000017945-FLGBHGLA_04630	-	-	-
GCA_000017945-FLGBHGLA_04640	-	-	-
GCA_000017945-FLGBHGLA_04650	-	-	-
GCA_000017945-FLGBHGLA_04660	-	-	-
GCA_000017945-FLGBHGLA_04670	-	-	-
GCA_000017945-FLGBHGLA_04680	-	-	-
GCA_000017945-FLGBHGLA_04690	-	-	-
GCA_000017945-FLGBHGLA_04700	-	-	-
GCA_000017945-FLGBHGLA_04710	-	-	-
GCA_000017945-FLGBHGLA_04720	-	-	-
GCA_000017945-FLGBHGLA_04730	-	-	-
GCA_000017945-FLGBHGLA_04740	-	-	-
GCA_000017945-FLGBHGLA_04750	-	-	-
GCA_000017945-FLGBHGLA_04760	-	-	-
GCA_000017945-FLGBHGLA_04770	-	-	-
GCA_000017945-FLGBHGLA_04780	-	-	-
GCA_000017945-FLGBHGLA_04790	-	-	-
GCA_000017945-FLGBHGLA_04800	-	-	-
GCA_000017945-FLGBHGLA_04810	-	-	-
GCA_000017945-FLGBHGLA_04820	-	-	-
GCA_000017945-FLGBHGLA_04830	-	-	-
GCA_000017945-FLGBHGLA_04840	-	-	-
GCA_000017945-FLGBHGLA_04850	-	-	-
GCA_000017945-FLGBHGLA_04860	-	-	-
GCA_000017945-FLGBHGLA_04870	-	-	-
GCA_000017945-FLGBHGLA_04880	-	-	-
GCA_000017945-FLGBHGLA_04890	-	-	-
GCA_000017945-FLGBHGLA_04900	-	-	-
GCA_000017945-FLGBHGLA_04910	-	-	-
GCA_000017945-FLGBHGLA_04920	-	-	-
GCA_000017945-FLGBHGLA_04930	-	-	-
GCA_000017945-FLGBHGLA_04940	-	-	-
GCA_000017945-FLGBHGLA_04950	-	-	-
GCA_000017945-FLGBHGLA_04960	-	-	-
GCA_000017945-FLGBHGLA_04970	-	-	-
GCA_000017945-FLGBHGLA_04980	-	-	-
GCA_000017945-FLGBHGLA_04990	-	-	-
GCA_000017945-FLGBHGLA_05000	-	-	-
GCA_000017945-FLGBHGLA_05010	-	-	-
GCA_000017945-FLGBHGLA_05020	-	-	-
GCA_000017945-FLGBHGLA_05030	-	-	-
GCA_000017945-FLGBHGLA_05040	-	-	-
GCA_000017945-FLGBHGLA_05050	-	-	-
GCA_000017945-FLGBHGLA_05060	-	-	-
GCA_000017945-FLGBHGLA_05070	-	-	-
GCA_000017945-FLGBHGLA_05080	-	-	-
GCA_000017945-FLGBHGLA_05090	-	-	-
GCA_000017945-FLGBHGLA_05100	-	-	-
GCA_000017945-FLGBHGLA_05110	-	-	-
GCA_000017945-FLGBHGLA_05120	-	-	-
GCA_000017945-FLGBHGLA_05130	-	-	-
GCA_000017945-FLGBHGLA_05140	-	-	-
GCA_000017945-FLGBHGLA_05150	-	-	-
GCA_000017945-FLGBHGLA_05160	-	-	-
GCA_000017945-FLGBHGLA_05170	-	-	-
GCA_000017945-FLGBHGLA_05180	-	-	-
GCA_000017945-FLGBHGLA_05190	-	-	-
GCA_000017945-FLGBHGLA_05200	-	-	-
GCA_000017945-FLGBHGLA_05210	-	-	-
GCA_000017945-FLGBHGLA_05220	-	-	-
GCA_000017945-FLGBHGLA_05230	-	-	-
GCA_000017945-FLGBHGLA_05240	-	-	-
GCA_000017945-FLGBHGLA_05250	-	-	-
GCA_000017945-FLGBHGLA_05260	-	-	-
GCA_000017945-FLGBHGLA_05270	-	-	-
GCA_000017945-FLGBHGLA_05280	-	-	-
GCA_000017945-FLGBHGLA_05290	-	-	-
GCA_000017945-FLGBHGLA_05300	-	-	-
GCA_000017945-FLGBHGLA_05310	-	-	-
GCA_000017945-FLGBHGLA_05320	-	-	-
GCA_000017945-FLGBHGLA_05330	-	-	-
GCA_000017945-FLGBHGLA_05340	-	-	-
GCA_000017945-FLGBHGLA_05350	-	-	-
GCA_000017945-FLGBHGLA_05360	-	-	-
GCA_000017945-FLGBHGLA_05370	-	-	-
GCA_000017945-FLGBHGLA_05380	-	-	-
GCA_000017945-FLGBHGLA_05390	-	-	-
GCA_000017945-FLGBHGLA_05400	-	-	-
GCA_000017945-FLGBHGLA_05410	-	-	-
GCA_000017945-FLGBHGLA_05420	-	-	-
GCA_000017945-FLGBHGLA_05430	-	-	-
GCA_000017945-FLGBHGLA_05440	-	-	-
GCA_000017945-FLGBHGLA_05450	-	-	-
GCA_000017945-FLGBHGLA_05460	-	-	-
GCA_000017945-FLGBHGLA_05470	-	-	-
GCA_000017945-FLGBHGLA_05480	-	-	-
GCA_000017945-FLGBHGLA_05490	-	-	-
GCA_000017945-FLGBHGLA_05500	-	-	-
GCA_000017945-FLGBHGLA_05510	-	-	-
GCA_000017945-FLGBHGLA_05520	-	-	-
GCA_000017945-FLGBHGLA_05530	-	-	-
GCA_000017945-FLGBHGLA_05540	-	-	-
GCA_000017945-FLGBHGLA_05550	-	-	-
GCA_000017945-FLGBHGLA_05560	-	-	-
GCA_000017945-FLGBHGLA_05570	-	-	-
GCA_000017945-FLGBHGLA_05580	-	-	-
GCA_000017945-FLGBHGLA_05590	WP_011752735.1	[NiFe]_Group_4g	9.08e-70
GCA_000017945-FLGBHGLA_05600	-	-	-
GCA_000017945-FLGBHGLA_05610	-	-	-
GCA_000017945-FLGBHGLA_05620	-	-	-
GCA_000017945-FLGBHGLA_05630	-	-	-
GCA_000017945-FLGBHGLA_05640	-	-	-
GCA_000017945-FLGBHGLA_05650	-	-	-
GCA_000017945-FLGBHGLA_05660	-	-	-
GCA_000017945-FLGBHGLA_05670	-	-	-
GCA_000017945-FLGBHGLA_05680	-	-	-
GCA_000017945-FLGBHGLA_05690	-	-	-
GCA_000017945-FLGBHGLA_05700	-	-	-
GCA_000017945-FLGBHGLA_05710	-	-	-
GCA_000017945-FLGBHGLA_05720	-	-	-
GCA_000017945-FLGBHGLA_05730	-	-	-
GCA_000017945-FLGBHGLA_05740	-	-	-
GCA_000017945-FLGBHGLA_05750	-	-	-
GCA_000017945-FLGBHGLA_05760	-	-	-
GCA_000017945-FLGBHGLA_05770	-	-	-
GCA_000017945-FLGBHGLA_05780	-	-	-
GCA_000017945-FLGBHGLA_05790	-	-	-
GCA_000017945-FLGBHGLA_05800	-	-	-
GCA_000017945-FLGBHGLA_05810	-	-	-
GCA_000017945-FLGBHGLA_05820	-	-	-
GCA_000017945-FLGBHGLA_05830	-	-	-
GCA_000017945-FLGBHGLA_05840	-	-	-
GCA_000017945-FLGBHGLA_05850	-	-	-
GCA_000017945-FLGBHGLA_05860	-	-	-
GCA_000017945-FLGBHGLA_05870	-	-	-
GCA_000017945-FLGBHGLA_05880	-	-	-
GCA_000017945-FLGBHGLA_05890	-	-	-
GCA_000017945-FLGBHGLA_05900	-	-	-
GCA_000017945-FLGBHGLA_05910	-	-	-
GCA_000017945-FLGBHGLA_05920	-	-	-
GCA_000017945-FLGBHGLA_05930	-	-	-
GCA_000017945-FLGBHGLA_05940	-	-	-
GCA_000017945-FLGBHGLA_05950	-	-	-
GCA_000017945-FLGBHGLA_05960	-	-	-
GCA_000017945-FLGBHGLA_05970	-	-	-
GCA_000017945-FLGBHGLA_05980	-	-	-
GCA_000017945-FLGBHGLA_05990	-	-	-
GCA_000017945-FLGBHGLA_06000	-	-	-
GCA_000017945-FLGBHGLA_06010	-	-	-
GCA_000017945-FLGBHGLA_06020	-	-	-
GCA_000017945-FLGBHGLA_06030	-	-	-
GCA_000017945-FLGBHGLA_06040	-	-	-
GCA_000017945-FLGBHGLA_06050	-	-	-
GCA_000017945-FLGBHGLA_06060	-	-	-
GCA_000017945-FLGBHGLA_06070	-	-	-
GCA_000017945-FLGBHGLA_06080	-	-	-
GCA_000017945-FLGBHGLA_06090	-	-	-
GCA_000017945-FLGBHGLA_06100	-	-	-
GCA_000017945-FLGBHGLA_06110	-	-	-
GCA_000017945-FLGBHGLA_06120	-	-	-
GCA_000017945-FLGBHGLA_06130	-	-	-
GCA_000017945-FLGBHGLA_06140	-	-	-
GCA_000017945-FLGBHGLA_06150	-	-	-
GCA_000017945-FLGBHGLA_06160	-	-	-
GCA_000017945-FLGBHGLA_06170	-	-	-
GCA_000017945-FLGBHGLA_06180	-	-	-
GCA_000017945-FLGBHGLA_06190	-	-	-
GCA_000017945-FLGBHGLA_06200	-	-	-
GCA_000017945-FLGBHGLA_06210	-	-	-
GCA_000017945-FLGBHGLA_06220	-	-	-
GCA_000017945-FLGBHGLA_06230	-	-	-
GCA_000017945-FLGBHGLA_06240	-	-	-
GCA_000017945-FLGBHGLA_06250	-	-	-
GCA_000017945-FLGBHGLA_06260	-	-	-
GCA_000017945-FLGBHGLA_06270	-	-	-
GCA_000017945-FLGBHGLA_06280	-	-	-
GCA_000017945-FLGBHGLA_06290	-	-	-
GCA_000017945-FLGBHGLA_06300	-	-	-
GCA_000017945-FLGBHGLA_06310	-	-	-
GCA_000017945-FLGBHGLA_06320	-	-	-
GCA_000017945-FLGBHGLA_06330	-	-	-
GCA_000017945-FLGBHGLA_06340	-	-	-
GCA_000017945-FLGBHGLA_06350	-	-	-
GCA_000017945-FLGBHGLA_06360	-	-	-
GCA_000017945-FLGBHGLA_06370	-	-	-
GCA_000017945-FLGBHGLA_06380	-	-	-
GCA_000017945-FLGBHGLA_06390	-	-	-
GCA_000017945-FLGBHGLA_06400	-	-	-
GCA_000017945-FLGBHGLA_06410	-	-	-
GCA_000017945-FLGBHGLA_06420	-	-	-
GCA_000017945-FLGBHGLA_06430	-	-	-
GCA_000017945-FLGBHGLA_06440	-	-	-
GCA_000017945-FLGBHGLA_06450	-	-	-
GCA_000017945-FLGBHGLA_06460	-	-	-
GCA_000017945-FLGBHGLA_06470	-	-	-
GCA_000017945-FLGBHGLA_06480	-	-	-
GCA_000017945-FLGBHGLA_06490	-	-	-
GCA_000017945-FLGBHGLA_06500	-	-	-
GCA_000017945-FLGBHGLA_06510	-	-	-
GCA_000017945-FLGBHGLA_06520	-	-	-
GCA_000017945-FLGBHGLA_06530	-	-	-
GCA_000017945-FLGBHGLA_06540	-	-	-
GCA_000017945-FLGBHGLA_06550	-	-	-
GCA_000017945-FLGBHGLA_06560	-	-	-
GCA_000017945-FLGBHGLA_06570	-	-	-
GCA_000017945-FLGBHGLA_06580	-	-	-
GCA_000017945-FLGBHGLA_06590	-	-	-
GCA_000017945-FLGBHGLA_06600	-	-	-
GCA_000017945-FLGBHGLA_06610	-	-	-
GCA_000017945-FLGBHGLA_06620	-	-	-
GCA_000017945-FLGBHGLA_06630	-	-	-
GCA_000017945-FLGBHGLA_06640	-	-	-
GCA_000017945-FLGBHGLA_06650	-	-	-
GCA_000017945-FLGBHGLA_06660	-	-	-
GCA_000017945-FLGBHGLA_06670	-	-	-
GCA_000017945-FLGBHGLA_06680	-	-	-
GCA_000017945-FLGBHGLA_06690	-	-	-
GCA_000017945-FLGBHGLA_06700	-	-	-
GCA_000017945-FLGBHGLA_06710	-	-	-
GCA_000017945-FLGBHGLA_06720	-	-	-
GCA_000017945-FLGBHGLA_06730	-	-	-
GCA_000017945-FLGBHGLA_06740	-	-	-
GCA_000017945-FLGBHGLA_06750	-	-	-
GCA_000017945-FLGBHGLA_06760	-	-	-
GCA_000017945-FLGBHGLA_06770	-	-	-
GCA_000017945-FLGBHGLA_06780	-	-	-
GCA_000017945-FLGBHGLA_06790	-	-	-
GCA_000017945-FLGBHGLA_06800	-	-	-
GCA_000017945-FLGBHGLA_06810	-	-	-
GCA_000017945-FLGBHGLA_06820	-	-	-
GCA_000017945-FLGBHGLA_06830	-	-	-
GCA_000017945-FLGBHGLA_06840	-	-	-
GCA_000017945-FLGBHGLA_06850	-	-	-
GCA_000017945-FLGBHGLA_06860	-	-	-
GCA_000017945-FLGBHGLA_06870	-	-	-
GCA_000017945-FLGBHGLA_06880	-	-	-
GCA_000017945-FLGBHGLA_06890	-	-	-
GCA_000017945-FLGBHGLA_06900	-	-	-
GCA_000017945-FLGBHGLA_06910	-	-	-
GCA_000017945-FLGBHGLA_06920	-	-	-
GCA_000017945-FLGBHGLA_06930	-	-	-
GCA_000017945-FLGBHGLA_06940	-	-	-
GCA_000017945-FLGBHGLA_06950	-	-	-
GCA_000017945-FLGBHGLA_06960	-	-	-
GCA_000017945-FLGBHGLA_06970	-	-	-
GCA_000017945-FLGBHGLA_06980	-	-	-
GCA_000017945-FLGBHGLA_06990	-	-	-
GCA_000017945-FLGBHGLA_07000	-	-	-
GCA_000017945-FLGBHGLA_07010	-	-	-
GCA_000017945-FLGBHGLA_07020	-	-	-
GCA_000017945-FLGBHGLA_07030	-	-	-
GCA_000017945-FLGBHGLA_07040	-	-	-
GCA_000017945-FLGBHGLA_07050	-	-	-
GCA_000017945-FLGBHGLA_07060	-	-	-
GCA_000017945-FLGBHGLA_07070	-	-	-
GCA_000017945-FLGBHGLA_07080	-	-	-
GCA_000017945-FLGBHGLA_07090	-	-	-
GCA_000017945-FLGBHGLA_07100	-	-	-
GCA_000017945-FLGBHGLA_07110	-	-	-
GCA_000017945-FLGBHGLA_07120	-	-	-
GCA_000017945-FLGBHGLA_07130	-	-	-
GCA_000017945-FLGBHGLA_07140	-	-	-
GCA_000017945-FLGBHGLA_07150	-	-	-
GCA_000017945-FLGBHGLA_07160	-	-	-
GCA_000017945-FLGBHGLA_07170	-	-	-
GCA_000017945-FLGBHGLA_07180	-	-	-
GCA_000017945-FLGBHGLA_07190	-	-	-
GCA_000017945-FLGBHGLA_07200	-	-	-
GCA_000017945-FLGBHGLA_07210	-	-	-
GCA_000017945-FLGBHGLA_07220	-	-	-
GCA_000017945-FLGBHGLA_07230	-	-	-
GCA_000017945-FLGBHGLA_07240	-	-	-
GCA_000017945-FLGBHGLA_07250	-	-	-
GCA_000017945-FLGBHGLA_07260	-	-	-
GCA_000017945-FLGBHGLA_07270	-	-	-
GCA_000017945-FLGBHGLA_07280	-	-	-
GCA_000017945-FLGBHGLA_07290	-	-	-
GCA_000017945-FLGBHGLA_07300	-	-	-
GCA_000017945-FLGBHGLA_07310	-	-	-
GCA_000017945-FLGBHGLA_07320	-	-	-
GCA_000017945-FLGBHGLA_07330	-	-	-
GCA_000017945-FLGBHGLA_07340	-	-	-
GCA_000017945-FLGBHGLA_07350	-	-	-
GCA_000017945-FLGBHGLA_07360	-	-	-
GCA_000017945-FLGBHGLA_07370	-	-	-
GCA_000017945-FLGBHGLA_07380	-	-	-
GCA_000017945-FLGBHGLA_07390	-	-	-
GCA_000017945-FLGBHGLA_07400	-	-	-
GCA_000017945-FLGBHGLA_07410	-	-	-
GCA_000017945-FLGBHGLA_07420	-	-	-
GCA_000017945-FLGBHGLA_07430	-	-	-
GCA_000017945-FLGBHGLA_07440	-	-	-
GCA_000017945-FLGBHGLA_07450	-	-	-
GCA_000017945-FLGBHGLA_07460	-	-	-
GCA_000017945-FLGBHGLA_07470	-	-	-
GCA_000017945-FLGBHGLA_07480	-	-	-
GCA_000017945-FLGBHGLA_07490	-	-	-
GCA_000017945-FLGBHGLA_07500	-	-	-
GCA_000017945-FLGBHGLA_07510	-	-	-
GCA_000017945-FLGBHGLA_07520	-	-	-
GCA_000017945-FLGBHGLA_07530	-	-	-
GCA_000017945-FLGBHGLA_07540	-	-	-
GCA_000017945-FLGBHGLA_07550	-	-	-
GCA_000017945-FLGBHGLA_07560	-	-	-
GCA_000017945-FLGBHGLA_07570	-	-	-
GCA_000017945-FLGBHGLA_07580	-	-	-
GCA_000017945-FLGBHGLA_07590	-	-	-
GCA_000017945-FLGBHGLA_07600	-	-	-
GCA_000017945-FLGBHGLA_07610	-	-	-
GCA_000017945-FLGBHGLA_07620	-	-	-
GCA_000017945-FLGBHGLA_07630	-	-	-
GCA_000017945-FLGBHGLA_07640	-	-	-
GCA_000017945-FLGBHGLA_07650	-	-	-
GCA_000017945-FLGBHGLA_07660	-	-	-
GCA_000017945-FLGBHGLA_07670	-	-	-
GCA_000017945-FLGBHGLA_07680	-	-	-
GCA_000017945-FLGBHGLA_07690	-	-	-
GCA_000017945-FLGBHGLA_07700	-	-	-
GCA_000017945-FLGBHGLA_07710	-	-	-
GCA_000017945-FLGBHGLA_07720	-	-	-
GCA_000017945-FLGBHGLA_07730	-	-	-
GCA_000017945-FLGBHGLA_07740	-	-	-
GCA_000017945-FLGBHGLA_07750	-	-	-
GCA_000017945-FLGBHGLA_07760	-	-	-
GCA_000017945-FLGBHGLA_07770	-	-	-
GCA_000017945-FLGBHGLA_07780	-	-	-
GCA_000017945-FLGBHGLA_07790	-	-	-
GCA_000017945-FLGBHGLA_07800	-	-	-
GCA_000017945-FLGBHGLA_07810	-	-	-
GCA_000017945-FLGBHGLA_07820	-	-	-
GCA_000017945-FLGBHGLA_07830	-	-	-
GCA_000017945-FLGBHGLA_07840	-	-	-
GCA_000017945-FLGBHGLA_07850	-	-	-
GCA_000017945-FLGBHGLA_07860	-	-	-
GCA_000017945-FLGBHGLA_07870	-	-	-
GCA_000017945-FLGBHGLA_07880	-	-	-
GCA_000017945-FLGBHGLA_07890	-	-	-
GCA_000017945-FLGBHGLA_07900	-	-	-
GCA_000017945-FLGBHGLA_07910	-	-	-
GCA_000017945-FLGBHGLA_07920	-	-	-
GCA_000017945-FLGBHGLA_07930	-	-	-
GCA_000017945-FLGBHGLA_07940	-	-	-
GCA_000017945-FLGBHGLA_07950	-	-	-
GCA_000017945-FLGBHGLA_07960	-	-	-
GCA_000017945-FLGBHGLA_07970	-	-	-
GCA_000017945-FLGBHGLA_07980	-	-	-
GCA_000017945-FLGBHGLA_07990	-	-	-
GCA_000017945-FLGBHGLA_08000	-	-	-
GCA_000017945-FLGBHGLA_08010	-	-	-
GCA_000017945-FLGBHGLA_08020	-	-	-
GCA_000017945-FLGBHGLA_08030	-	-	-
GCA_000017945-FLGBHGLA_08040	-	-	-
GCA_000017945-FLGBHGLA_08050	-	-	-
GCA_000017945-FLGBHGLA_08060	-	-	-
GCA_000017945-FLGBHGLA_08070	-	-	-
GCA_000017945-FLGBHGLA_08080	-	-	-
GCA_000017945-FLGBHGLA_08090	-	-	-
GCA_000017945-FLGBHGLA_08100	-	-	-
GCA_000017945-FLGBHGLA_08110	-	-	-
GCA_000017945-FLGBHGLA_08120	-	-	-
GCA_000017945-FLGBHGLA_08130	-	-	-
GCA_000017945-FLGBHGLA_08140	-	-	-
GCA_000017945-FLGBHGLA_08150	-	-	-
GCA_000017945-FLGBHGLA_08160	-	-	-
GCA_000017945-FLGBHGLA_08170	-	-	-
GCA_000017945-FLGBHGLA_08180	-	-	-
GCA_000017945-FLGBHGLA_08190	-	-	-
GCA_000017945-FLGBHGLA_08200	-	-	-
GCA_000017945-FLGBHGLA_08210	-	-	-
GCA_000017945-FLGBHGLA_08220	-	-	-
GCA_000017945-FLGBHGLA_08230	-	-	-
GCA_000017945-FLGBHGLA_08240	-	-	-
GCA_000017945-FLGBHGLA_08250	-	-	-
GCA_000017945-FLGBHGLA_08260	-	-	-
GCA_000017945-FLGBHGLA_08270	-	-	-
GCA_000017945-FLGBHGLA_08280	-	-	-
GCA_000017945-FLGBHGLA_08290	-	-	-
GCA_000017945-FLGBHGLA_08300	-	-	-
GCA_000017945-FLGBHGLA_08310	-	-	-
GCA_000017945-FLGBHGLA_08320	-	-	-
GCA_000017945-FLGBHGLA_08330	-	-	-
GCA_000017945-FLGBHGLA_08340	-	-	-
GCA_000017945-FLGBHGLA_08350	-	-	-
GCA_000017945-FLGBHGLA_08360	-	-	-
GCA_000017945-FLGBHGLA_08370	-	-	-
GCA_000017945-FLGBHGLA_08380	-	-	-
GCA_000017945-FLGBHGLA_08390	-	-	-
GCA_000017945-FLGBHGLA_08400	-	-	-
GCA_000017945-FLGBHGLA_08410	-	-	-
GCA_000017945-FLGBHGLA_08420	-	-	-
GCA_000017945-FLGBHGLA_08430	-	-	-
GCA_000017945-FLGBHGLA_08440	-	-	-
GCA_000017945-FLGBHGLA_08450	-	-	-
GCA_000017945-FLGBHGLA_08460	-	-	-
GCA_000017945-FLGBHGLA_08470	-	-	-
GCA_000017945-FLGBHGLA_08480	-	-	-
GCA_000017945-FLGBHGLA_08490	-	-	-
GCA_000017945-FLGBHGLA_08500	-	-	-
GCA_000017945-FLGBHGLA_08510	-	-	-
GCA_000017945-FLGBHGLA_08520	-	-	-
GCA_000017945-FLGBHGLA_08530	-	-	-
GCA_000017945-FLGBHGLA_08540	-	-	-
GCA_000017945-FLGBHGLA_08550	-	-	-
GCA_000017945-FLGBHGLA_08560	-	-	-
GCA_000017945-FLGBHGLA_08570	-	-	-
GCA_000017945-FLGBHGLA_08580	-	-	-
GCA_000017945-FLGBHGLA_08590	-	-	-
GCA_000017945-FLGBHGLA_08600	-	-	-
GCA_000017945-FLGBHGLA_08610	-	-	-
GCA_000017945-FLGBHGLA_08620	-	-	-
GCA_000017945-FLGBHGLA_08630	-	-	-
GCA_000017945-FLGBHGLA_08640	-	-	-
GCA_000017945-FLGBHGLA_08650	-	-	-
GCA_000017945-FLGBHGLA_08660	-	-	-
GCA_000017945-FLGBHGLA_08670	-	-	-
GCA_000017945-FLGBHGLA_08680	-	-	-
GCA_000017945-FLGBHGLA_08690	-	-	-
GCA_000017945-FLGBHGLA_08700	-	-	-
GCA_000017945-FLGBHGLA_08710	-	-	-
GCA_000017945-FLGBHGLA_08720	-	-	-
GCA_000017945-FLGBHGLA_08730	-	-	-
GCA_000017945-FLGBHGLA_08740	-	-	-
GCA_000017945-FLGBHGLA_08750	-	-	-
GCA_000017945-FLGBHGLA_08760	-	-	-
GCA_000017945-FLGBHGLA_08770	-	-	-
GCA_000017945-FLGBHGLA_08780	-	-	-
GCA_000017945-FLGBHGLA_08790	-	-	-
GCA_000017945-FLGBHGLA_08800	-	-	-
GCA_000017945-FLGBHGLA_08810	-	-	-
GCA_000017945-FLGBHGLA_08820	-	-	-
GCA_000017945-FLGBHGLA_08830	-	-	-
GCA_000017945-FLGBHGLA_08840	-	-	-
GCA_000017945-FLGBHGLA_08850	-	-	-
GCA_000017945-FLGBHGLA_08860	-	-	-
GCA_000017945-FLGBHGLA_08870	-	-	-
GCA_000017945-FLGBHGLA_08880	-	-	-
GCA_000017945-FLGBHGLA_08890	-	-	-
GCA_000017945-FLGBHGLA_08900	-	-	-
GCA_000017945-FLGBHGLA_08910	-	-	-
GCA_000017945-FLGBHGLA_08920	-	-	-
GCA_000017945-FLGBHGLA_08930	-	-	-
GCA_000017945-FLGBHGLA_08940	-	-	-
GCA_000017945-FLGBHGLA_08950	-	-	-
GCA_000017945-FLGBHGLA_08960	-	-	-
GCA_000017945-FLGBHGLA_08970	-	-	-
GCA_000017945-FLGBHGLA_08980	-	-	-
GCA_000017945-FLGBHGLA_08990	-	-	-
GCA_000017945-FLGBHGLA_09000	-	-	-
GCA_000017945-FLGBHGLA_09010	-	-	-
GCA_000017945-FLGBHGLA_09020	-	-	-
GCA_000017945-FLGBHGLA_09030	-	-	-
GCA_000017945-FLGBHGLA_09040	-	-	-
GCA_000017945-FLGBHGLA_09050	-	-	-
GCA_000017945-FLGBHGLA_09060	-	-	-
GCA_000017945-FLGBHGLA_09070	-	-	-
GCA_000017945-FLGBHGLA_09080	-	-	-
GCA_000017945-FLGBHGLA_09090	-	-	-
GCA_000017945-FLGBHGLA_09100	-	-	-
GCA_000017945-FLGBHGLA_09110	-	-	-
GCA_000017945-FLGBHGLA_09120	-	-	-
GCA_000017945-FLGBHGLA_09130	-	-	-
GCA_000017945-FLGBHGLA_09140	-	-	-
GCA_000017945-FLGBHGLA_09150	-	-	-
GCA_000017945-FLGBHGLA_09160	-	-	-
GCA_000017945-FLGBHGLA_09170	-	-	-
GCA_000017945-FLGBHGLA_09180	-	-	-
GCA_000017945-FLGBHGLA_09190	-	-	-
GCA_000017945-FLGBHGLA_09200	-	-	-
GCA_000017945-FLGBHGLA_09210	-	-	-
GCA_000017945-FLGBHGLA_09220	-	-	-
GCA_000017945-FLGBHGLA_09230	-	-	-
GCA_000017945-FLGBHGLA_09240	-	-	-
GCA_000017945-FLGBHGLA_09250	-	-	-
GCA_000017945-FLGBHGLA_09260	-	-	-
GCA_000017945-FLGBHGLA_09270	-	-	-
GCA_000017945-FLGBHGLA_09280	-	-	-
GCA_000017945-FLGBHGLA_09290	-	-	-
GCA_000017945-FLGBHGLA_09300	-	-	-
GCA_000017945-FLGBHGLA_09310	-	-	-
GCA_000017945-FLGBHGLA_09320	-	-	-
GCA_000017945-FLGBHGLA_09330	-	-	-
GCA_000017945-FLGBHGLA_09340	-	-	-
GCA_000017945-FLGBHGLA_09350	-	-	-
GCA_000017945-FLGBHGLA_09360	-	-	-
GCA_000017945-FLGBHGLA_09370	-	-	-
GCA_000017945-FLGBHGLA_09380	-	-	-
GCA_000017945-FLGBHGLA_09390	-	-	-
GCA_000017945-FLGBHGLA_09400	-	-	-
GCA_000017945-FLGBHGLA_09410	-	-	-
GCA_000017945-FLGBHGLA_09420	-	-	-
GCA_000017945-FLGBHGLA_09430	-	-	-
GCA_000017945-FLGBHGLA_09440	-	-	-
GCA_000017945-FLGBHGLA_09450	-	-	-
GCA_000017945-FLGBHGLA_09460	-	-	-
GCA_000017945-FLGBHGLA_09470	-	-	-
GCA_000017945-FLGBHGLA_09480	-	-	-
GCA_000017945-FLGBHGLA_09490	-	-	-
GCA_000017945-FLGBHGLA_09500	-	-	-
GCA_000017945-FLGBHGLA_09510	-	-	-
GCA_000017945-FLGBHGLA_09520	-	-	-
GCA_000017945-FLGBHGLA_09530	-	-	-
GCA_000017945-FLGBHGLA_09540	-	-	-
GCA_000017945-FLGBHGLA_09550	-	-	-
GCA_000017945-FLGBHGLA_09560	-	-	-
GCA_000017945-FLGBHGLA_09570	-	-	-
GCA_000017945-FLGBHGLA_09580	-	-	-
GCA_000017945-FLGBHGLA_09590	-	-	-
GCA_000017945-FLGBHGLA_09600	-	-	-
GCA_000017945-FLGBHGLA_09610	-	-	-
GCA_000017945-FLGBHGLA_09620	-	-	-
GCA_000017945-FLGBHGLA_09630	-	-	-
GCA_000017945-FLGBHGLA_09640	-	-	-
GCA_000017945-FLGBHGLA_09650	-	-	-
GCA_000017945-FLGBHGLA_09660	-	-	-
GCA_000017945-FLGBHGLA_09670	-	-	-
GCA_000017945-FLGBHGLA_09680	-	-	-
GCA_000017945-FLGBHGLA_09690	-	-	-
GCA_000017945-FLGBHGLA_09700	-	-	-
GCA_000017945-FLGBHGLA_09710	-	-	-
GCA_000017945-FLGBHGLA_09720	-	-	-
GCA_000017945-FLGBHGLA_09730	-	-	-
GCA_000017945-FLGBHGLA_09740	-	-	-
GCA_000017945-FLGBHGLA_09750	-	-	-
GCA_000017945-FLGBHGLA_09760	-	-	-
GCA_000017945-FLGBHGLA_09770	-	-	-
GCA_000017945-FLGBHGLA_09780	-	-	-
GCA_000017945-FLGBHGLA_09790	-	-	-
GCA_000017945-FLGBHGLA_09800	-	-	-
GCA_000017945-FLGBHGLA_09810	-	-	-
GCA_000017945-FLGBHGLA_09820	-	-	-
GCA_000017945-FLGBHGLA_09830	-	-	-
GCA_000017945-FLGBHGLA_09840	-	-	-
GCA_000017945-FLGBHGLA_09850	-	-	-
GCA_000017945-FLGBHGLA_09860	-	-	-
GCA_000017945-FLGBHGLA_09870	-	-	-
GCA_000017945-FLGBHGLA_09880	-	-	-
GCA_000017945-FLGBHGLA_09890	-	-	-
GCA_000017945-FLGBHGLA_09900	-	-	-
GCA_000017945-FLGBHGLA_09910	-	-	-
GCA_000017945-FLGBHGLA_09920	-	-	-
GCA_000017945-FLGBHGLA_09930	-	-	-
GCA_000017945-FLGBHGLA_09940	-	-	-
GCA_000017945-FLGBHGLA_09950	-	-	-
GCA_000017945-FLGBHGLA_09960	-	-	-
GCA_000017945-FLGBHGLA_09970	-	-	-
GCA_000017945-FLGBHGLA_09980	-	-	-
GCA_000017945-FLGBHGLA_09990	-	-	-
GCA_000017945-FLGBHGLA_10000	-	-	-
GCA_000017945-FLGBHGLA_10010	-	-	-
GCA_000017945-FLGBHGLA_10020	-	-	-
GCA_000017945-FLGBHGLA_10030	-	-	-
GCA_000017945-FLGBHGLA_10040	-	-	-
GCA_000017945-FLGBHGLA_10050	-	-	-
GCA_000017945-FLGBHGLA_10060	-	-	-
GCA_000017945-FLGBHGLA_10070	-	-	-
GCA_000017945-FLGBHGLA_10080	-	-	-
GCA_000017945-FLGBHGLA_10090	-	-	-
GCA_000017945-FLGBHGLA_10100	-	-	-
GCA_000017945-FLGBHGLA_10110	-	-	-
GCA_000017945-FLGBHGLA_10120	-	-	-
GCA_000017945-FLGBHGLA_10130	-	-	-
GCA_000017945-FLGBHGLA_10140	-	-	-
GCA_000017945-FLGBHGLA_10150	-	-	-
GCA_000017945-FLGBHGLA_10160	-	-	-
GCA_000017945-FLGBHGLA_10170	-	-	-
GCA_000017945-FLGBHGLA_10180	-	-	-
GCA_000017945-FLGBHGLA_10190	-	-	-
GCA_000017945-FLGBHGLA_10200	-	-	-
GCA_000017945-FLGBHGLA_10210	-	-	-
GCA_000017945-FLGBHGLA_10220	-	-	-
GCA_000017945-FLGBHGLA_10230	-	-	-
GCA_000017945-FLGBHGLA_10240	-	-	-
GCA_000017945-FLGBHGLA_10250	-	-	-
GCA_000017945-FLGBHGLA_10260	-	-	-
GCA_000017945-FLGBHGLA_10270	-	-	-
GCA_000017945-FLGBHGLA_10280	-	-	-
GCA_000017945-FLGBHGLA_10290	-	-	-
GCA_000017945-FLGBHGLA_10300	-	-	-
GCA_000017945-FLGBHGLA_10310	-	-	-
GCA_000017945-FLGBHGLA_10320	-	-	-
GCA_000017945-FLGBHGLA_10330	-	-	-
GCA_000017945-FLGBHGLA_10340	-	-	-
GCA_000017945-FLGBHGLA_10350	-	-	-
GCA_000017945-FLGBHGLA_10360	-	-	-
GCA_000017945-FLGBHGLA_10370	-	-	-
GCA_000017945-FLGBHGLA_10380	-	-	-
GCA_000017945-FLGBHGLA_10390	-	-	-
GCA_000017945-FLGBHGLA_10400	-	-	-
GCA_000017945-FLGBHGLA_10410	-	-	-
GCA_000017945-FLGBHGLA_10420	-	-	-
GCA_000017945-FLGBHGLA_10430	-	-	-
GCA_000017945-FLGBHGLA_10440	-	-	-
GCA_000017945-FLGBHGLA_10450	-	-	-
GCA_000017945-FLGBHGLA_10460	-	-	-
GCA_000017945-FLGBHGLA_10470	-	-	-
GCA_000017945-FLGBHGLA_10480	-	-	-
GCA_000017945-FLGBHGLA_10490	-	-	-
GCA_000017945-FLGBHGLA_10500	-	-	-
GCA_000017945-FLGBHGLA_10510	-	-	-
GCA_000017945-FLGBHGLA_10520	-	-	-
GCA_000017945-FLGBHGLA_10530	-	-	-
GCA_000017945-FLGBHGLA_10540	-	-	-
GCA_000017945-FLGBHGLA_10550	-	-	-
GCA_000017945-FLGBHGLA_10560	-	-	-
GCA_000017945-FLGBHGLA_10570	-	-	-
GCA_000017945-FLGBHGLA_10580	-	-	-
GCA_000017945-FLGBHGLA_10590	-	-	-
GCA_000017945-FLGBHGLA_10600	-	-	-
GCA_000017945-FLGBHGLA_10610	-	-	-
GCA_000017945-FLGBHGLA_10620	-	-	-
GCA_000017945-FLGBHGLA_10630	-	-	-
GCA_000017945-FLGBHGLA_10640	-	-	-
GCA_000017945-FLGBHGLA_10650	-	-	-
GCA_000017945-FLGBHGLA_10660	-	-	-
GCA_000017945-FLGBHGLA_10670	-	-	-
GCA_000017945-FLGBHGLA_10680	-	-	-
GCA_000017945-FLGBHGLA_10690	-	-	-
GCA_000017945-FLGBHGLA_10700	-	-	-
GCA_000017945-FLGBHGLA_10710	-	-	-
GCA_000017945-FLGBHGLA_10720	-	-	-
GCA_000017945-FLGBHGLA_10730	-	-	-
GCA_000017945-FLGBHGLA_10740	-	-	-
GCA_000017945-FLGBHGLA_10750	-	-	-
GCA_000017945-FLGBHGLA_10760	-	-	-
GCA_000017945-FLGBHGLA_10770	-	-	-
GCA_000017945-FLGBHGLA_10780	-	-	-
GCA_000017945-FLGBHGLA_10790	-	-	-
GCA_000017945-FLGBHGLA_10800	-	-	-
GCA_000017945-FLGBHGLA_10810	-	-	-
GCA_000017945-FLGBHGLA_10820	-	-	-
GCA_000017945-FLGBHGLA_10830	-	-	-
GCA_000017945-FLGBHGLA_10840	-	-	-
GCA_000017945-FLGBHGLA_10850	-	-	-
GCA_000017945-FLGBHGLA_10860	-	-	-
GCA_000017945-FLGBHGLA_10870	-	-	-
GCA_000017945-FLGBHGLA_10880	-	-	-
GCA_000017945-FLGBHGLA_10890	-	-	-
GCA_000017945-FLGBHGLA_10900	-	-	-
GCA_000017945-FLGBHGLA_10910	-	-	-
GCA_000017945-FLGBHGLA_10920	-	-	-
GCA_000017945-FLGBHGLA_10930	-	-	-
GCA_000017945-FLGBHGLA_10940	-	-	-
GCA_000017945-FLGBHGLA_10950	-	-	-
GCA_000017945-FLGBHGLA_10960	-	-	-
GCA_000017945-FLGBHGLA_10970	-	-	-
GCA_000017945-FLGBHGLA_10980	-	-	-
GCA_000017945-FLGBHGLA_10990	-	-	-
GCA_000017945-FLGBHGLA_11000	-	-	-
GCA_000017945-FLGBHGLA_11010	-	-	-
GCA_000017945-FLGBHGLA_11020	-	-	-
GCA_000017945-FLGBHGLA_11030	-	-	-
GCA_000017945-FLGBHGLA_11040	-	-	-
GCA_000017945-FLGBHGLA_11050	-	-	-
GCA_000017945-FLGBHGLA_11060	-	-	-
GCA_000017945-FLGBHGLA_11070	-	-	-
GCA_000017945-FLGBHGLA_11080	-	-	-
GCA_000017945-FLGBHGLA_11090	-	-	-
GCA_000017945-FLGBHGLA_11100	-	-	-
GCA_000017945-FLGBHGLA_11110	-	-	-
GCA_000017945-FLGBHGLA_11120	-	-	-
GCA_000017945-FLGBHGLA_11130	-	-	-
GCA_000017945-FLGBHGLA_11140	-	-	-
GCA_000017945-FLGBHGLA_11150	-	-	-
GCA_000017945-FLGBHGLA_11160	-	-	-
GCA_000017945-FLGBHGLA_11170	-	-	-
GCA_000017945-FLGBHGLA_11180	-	-	-
GCA_000017945-FLGBHGLA_11190	-	-	-
GCA_000017945-FLGBHGLA_11200	-	-	-
GCA_000017945-FLGBHGLA_11210	-	-	-
GCA_000017945-FLGBHGLA_11220	-	-	-
GCA_000017945-FLGBHGLA_11230	-	-	-
GCA_000017945-FLGBHGLA_11240	-	-	-
GCA_000017945-FLGBHGLA_11250	-	-	-
GCA_000017945-FLGBHGLA_11260	-	-	-
GCA_000017945-FLGBHGLA_11270	-	-	-
GCA_000017945-FLGBHGLA_11280	-	-	-
GCA_000017945-FLGBHGLA_11290	-	-	-
GCA_000017945-FLGBHGLA_11300	-	-	-
GCA_000017945-FLGBHGLA_11310	-	-	-
GCA_000017945-FLGBHGLA_11320	-	-	-
GCA_000017945-FLGBHGLA_11330	-	-	-
GCA_000017945-FLGBHGLA_11340	-	-	-
GCA_000017945-FLGBHGLA_11350	-	-	-
GCA_000017945-FLGBHGLA_11360	-	-	-
GCA_000017945-FLGBHGLA_11370	-	-	-
GCA_000017945-FLGBHGLA_11380	-	-	-
GCA_000017945-FLGBHGLA_11390	-	-	-
GCA_000017945-FLGBHGLA_11400	-	-	-
GCA_000017945-FLGBHGLA_11410	-	-	-
GCA_000017945-FLGBHGLA_11420	-	-	-
GCA_000017945-FLGBHGLA_11430	-	-	-
GCA_000017945-FLGBHGLA_11440	-	-	-
GCA_000017945-FLGBHGLA_11450	-	-	-
GCA_000017945-FLGBHGLA_11460	-	-	-
GCA_000017945-FLGBHGLA_11470	-	-	-
GCA_000017945-FLGBHGLA_11480	-	-	-
GCA_000017945-FLGBHGLA_11490	-	-	-
GCA_000017945-FLGBHGLA_11500	-	-	-
GCA_000017945-FLGBHGLA_11510	-	-	-
GCA_000017945-FLGBHGLA_11520	-	-	-
GCA_000017945-FLGBHGLA_11530	-	-	-
GCA_000017945-FLGBHGLA_11540	-	-	-
GCA_000017945-FLGBHGLA_11550	-	-	-
GCA_000017945-FLGBHGLA_11560	-	-	-
GCA_000017945-FLGBHGLA_11570	-	-	-
GCA_000017945-FLGBHGLA_11580	-	-	-
GCA_000017945-FLGBHGLA_11590	-	-	-
GCA_000017945-FLGBHGLA_11600	-	-	-
GCA_000017945-FLGBHGLA_11610	-	-	-
GCA_000017945-FLGBHGLA_11620	-	-	-
GCA_000017945-FLGBHGLA_11630	-	-	-
GCA_000017945-FLGBHGLA_11640	-	-	-
GCA_000017945-FLGBHGLA_11650	-	-	-
GCA_000017945-FLGBHGLA_11660	-	-	-
GCA_000017945-FLGBHGLA_11670	-	-	-
GCA_000017945-FLGBHGLA_11680	-	-	-
GCA_000017945-FLGBHGLA_11690	-	-	-
GCA_000017945-FLGBHGLA_11700	-	-	-
GCA_000017945-FLGBHGLA_11710	-	-	-
GCA_000017945-FLGBHGLA_11720	-	-	-
GCA_000017945-FLGBHGLA_11730	-	-	-
GCA_000017945-FLGBHGLA_11740	-	-	-
GCA_000017945-FLGBHGLA_11750	-	-	-
GCA_000017945-FLGBHGLA_11760	-	-	-
GCA_000017945-FLGBHGLA_11770	-	-	-
GCA_000017945-FLGBHGLA_11780	-	-	-
GCA_000017945-FLGBHGLA_11790	-	-	-
GCA_000017945-FLGBHGLA_11800	-	-	-
GCA_000017945-FLGBHGLA_11810	-	-	-
GCA_000017945-FLGBHGLA_11820	-	-	-
GCA_000017945-FLGBHGLA_11830	-	-	-
GCA_000017945-FLGBHGLA_11840	-	-	-
GCA_000017945-FLGBHGLA_11850	-	-	-
GCA_000017945-FLGBHGLA_11860	-	-	-
GCA_000017945-FLGBHGLA_11870	-	-	-
GCA_000017945-FLGBHGLA_11880	-	-	-
GCA_000017945-FLGBHGLA_11890	-	-	-
GCA_000017945-FLGBHGLA_11900	-	-	-
GCA_000017945-FLGBHGLA_11910	-	-	-
GCA_000017945-FLGBHGLA_11920	-	-	-
GCA_000017945-FLGBHGLA_11930	-	-	-
GCA_000017945-FLGBHGLA_11940	-	-	-
GCA_000017945-FLGBHGLA_11950	-	-	-
GCA_000017945-FLGBHGLA_11960	-	-	-
GCA_000017945-FLGBHGLA_11970	-	-	-
GCA_000017945-FLGBHGLA_11980	-	-	-
GCA_000017945-FLGBHGLA_11990	-	-	-
GCA_000017945-FLGBHGLA_12000	-	-	-
GCA_000017945-FLGBHGLA_12010	-	-	-
GCA_000017945-FLGBHGLA_12020	-	-	-
GCA_000017945-FLGBHGLA_12030	-	-	-
GCA_000017945-FLGBHGLA_12040	-	-	-
GCA_000017945-FLGBHGLA_12050	-	-	-
GCA_000017945-FLGBHGLA_12060	-	-	-
GCA_000017945-FLGBHGLA_12070	-	-	-
GCA_000017945-FLGBHGLA_12080	-	-	-
GCA_000017945-FLGBHGLA_12090	-	-	-
GCA_000017945-FLGBHGLA_12100	-	-	-
GCA_000017945-FLGBHGLA_12110	-	-	-
GCA_000017945-FLGBHGLA_12120	-	-	-
GCA_000017945-FLGBHGLA_12130	-	-	-
GCA_000017945-FLGBHGLA_12140	-	-	-
GCA_000017945-FLGBHGLA_12150	-	-	-
GCA_000017945-FLGBHGLA_12160	-	-	-
GCA_000017945-FLGBHGLA_12170	-	-	-
GCA_000017945-FLGBHGLA_12180	-	-	-
GCA_000017945-FLGBHGLA_12190	-	-	-
GCA_000017945-FLGBHGLA_12200	-	-	-
GCA_000017945-FLGBHGLA_12210	-	-	-
GCA_000017945-FLGBHGLA_12220	-	-	-
GCA_000017945-FLGBHGLA_12230	-	-	-
GCA_000017945-FLGBHGLA_12240	-	-	-
GCA_000017945-FLGBHGLA_12250	-	-	-
GCA_000017945-FLGBHGLA_12260	-	-	-
GCA_000017945-FLGBHGLA_12270	-	-	-
GCA_000017945-FLGBHGLA_12280	-	-	-
GCA_000017945-FLGBHGLA_12290	-	-	-
GCA_000017945-FLGBHGLA_12300	-	-	-
GCA_000017945-FLGBHGLA_12310	-	-	-
GCA_000017945-FLGBHGLA_12320	-	-	-
GCA_000017945-FLGBHGLA_12330	-	-	-
GCA_000017945-FLGBHGLA_12340	-	-	-
GCA_000017945-FLGBHGLA_12350	-	-	-
GCA_000017945-FLGBHGLA_12360	-	-	-
GCA_000017945-FLGBHGLA_12370	-	-	-
GCA_000017945-FLGBHGLA_12380	-	-	-
GCA_000017945-FLGBHGLA_12390	-	-	-
GCA_000017945-FLGBHGLA_12400	-	-	-
GCA_000017945-FLGBHGLA_12410	-	-	-
GCA_000017945-FLGBHGLA_12420	-	-	-
GCA_000017945-FLGBHGLA_12430	-	-	-
GCA_000017945-FLGBHGLA_12440	-	-	-
GCA_000017945-FLGBHGLA_12450	-	-	-
GCA_000017945-FLGBHGLA_12460	-	-	-
GCA_000017945-FLGBHGLA_12470	-	-	-
GCA_000017945-FLGBHGLA_12480	-	-	-
GCA_000017945-FLGBHGLA_12490	-	-	-
GCA_000017945-FLGBHGLA_12500	-	-	-
GCA_000017945-FLGBHGLA_12510	-	-	-
GCA_000017945-FLGBHGLA_12520	-	-	-
GCA_000017945-FLGBHGLA_12530	-	-	-
GCA_000017945-FLGBHGLA_12540	-	-	-
GCA_000017945-FLGBHGLA_12550	-	-	-
GCA_000017945-FLGBHGLA_12560	-	-	-
GCA_000017945-FLGBHGLA_12570	-	-	-
GCA_000017945-FLGBHGLA_12580	-	-	-
GCA_000017945-FLGBHGLA_12590	-	-	-
GCA_000017945-FLGBHGLA_12600	-	-	-
GCA_000017945-FLGBHGLA_12610	-	-	-
GCA_000017945-FLGBHGLA_12620	-	-	-
GCA_000017945-FLGBHGLA_12630	-	-	-
GCA_000017945-FLGBHGLA_12640	-	-	-
GCA_000017945-FLGBHGLA_12650	-	-	-
GCA_000017945-FLGBHGLA_12660	-	-	-
GCA_000017945-FLGBHGLA_12670	-	-	-
GCA_000017945-FLGBHGLA_12680	-	-	-
GCA_000017945-FLGBHGLA_12690	-	-	-
GCA_000017945-FLGBHGLA_12700	-	-	-
GCA_000017945-FLGBHGLA_12710	-	-	-
GCA_000017945-FLGBHGLA_12720	-	-	-
GCA_000017945-FLGBHGLA_12730	-	-	-
GCA_000017945-FLGBHGLA_12740	-	-	-
GCA_000017945-FLGBHGLA_12750	-	-	-
GCA_000017945-FLGBHGLA_12760	-	-	-
GCA_000017945-FLGBHGLA_12770	-	-	-
GCA_000017945-FLGBHGLA_12780	-	-	-
GCA_000017945-FLGBHGLA_12790	-	-	-
GCA_000017945-FLGBHGLA_12800	-	-	-
GCA_000017945-FLGBHGLA_12810	-	-	-
GCA_000017945-FLGBHGLA_12820	-	-	-
GCA_000017945-FLGBHGLA_12830	-	-	-
GCA_000017945-FLGBHGLA_12840	-	-	-
GCA_000017945-FLGBHGLA_12850	-	-	-
GCA_000017945-FLGBHGLA_12860	-	-	-
GCA_000017945-FLGBHGLA_12870	-	-	-
GCA_000017945-FLGBHGLA_12880	-	-	-
GCA_000017945-FLGBHGLA_12890	-	-	-
GCA_000017945-FLGBHGLA_12900	-	-	-
GCA_000017945-FLGBHGLA_12910	-	-	-
GCA_000017945-FLGBHGLA_12920	-	-	-
GCA_000017945-FLGBHGLA_12930	-	-	-
GCA_000017945-FLGBHGLA_12940	-	-	-
GCA_000017945-FLGBHGLA_12950	-	-	-
GCA_000017945-FLGBHGLA_12960	-	-	-
GCA_000017945-FLGBHGLA_12970	-	-	-
GCA_000017945-FLGBHGLA_12980	-	-	-
GCA_000017945-FLGBHGLA_12990	-	-	-
GCA_000017945-FLGBHGLA_13000	-	-	-
GCA_000017945-FLGBHGLA_13010	-	-	-
GCA_000017945-FLGBHGLA_13020	-	-	-
GCA_000017945-FLGBHGLA_13030	-	-	-
GCA_000017945-FLGBHGLA_13040	-	-	-
GCA_000017945-FLGBHGLA_13050	-	-	-
GCA_000017945-FLGBHGLA_13060	-	-	-
GCA_000017945-FLGBHGLA_13070	-	-	-
GCA_000017945-FLGBHGLA_13080	-	-	-
GCA_000017945-FLGBHGLA_13090	-	-	-
GCA_000017945-FLGBHGLA_13100	-	-	-
GCA_000017945-FLGBHGLA_13110	-	-	-
GCA_000017945-FLGBHGLA_13120	-	-	-
GCA_000017945-FLGBHGLA_13130	-	-	-
GCA_000017945-FLGBHGLA_13140	-	-	-
GCA_000017945-FLGBHGLA_13150	-	-	-
GCA_000017945-FLGBHGLA_13160	-	-	-
GCA_000017945-FLGBHGLA_13170	-	-	-
GCA_000017945-FLGBHGLA_13180	-	-	-
GCA_000017945-FLGBHGLA_13190	-	-	-
GCA_000017945-FLGBHGLA_13200	-	-	-
GCA_000017945-FLGBHGLA_13210	-	-	-
GCA_000017945-FLGBHGLA_13220	-	-	-
GCA_000017945-FLGBHGLA_13230	-	-	-
GCA_000017945-FLGBHGLA_13240	-	-	-
GCA_000017945-FLGBHGLA_13250	-	-	-
GCA_000017945-FLGBHGLA_13260	-	-	-
GCA_000017945-FLGBHGLA_13270	-	-	-
GCA_000017945-FLGBHGLA_13280	-	-	-
GCA_000017945-FLGBHGLA_13290	-	-	-
GCA_000017945-FLGBHGLA_13300	-	-	-
GCA_000017945-FLGBHGLA_13310	-	-	-
GCA_000017945-FLGBHGLA_13320	-	-	-
GCA_000017945-FLGBHGLA_13330	-	-	-
GCA_000017945-FLGBHGLA_13340	-	-	-
GCA_000017945-FLGBHGLA_13350	-	-	-
GCA_000017945-FLGBHGLA_13360	-	-	-
GCA_000017945-FLGBHGLA_13370	-	-	-
GCA_000017945-FLGBHGLA_13380	-	-	-
GCA_000017945-FLGBHGLA_13390	-	-	-
GCA_000017945-FLGBHGLA_13400	-	-	-
GCA_000017945-FLGBHGLA_13410	-	-	-
GCA_000017945-FLGBHGLA_13420	-	-	-
GCA_000017945-FLGBHGLA_13430	-	-	-
GCA_000017945-FLGBHGLA_13440	-	-	-
GCA_000017945-FLGBHGLA_13450	-	-	-
GCA_000017945-FLGBHGLA_13460	-	-	-
GCA_000017945-FLGBHGLA_13470	-	-	-
GCA_000017945-FLGBHGLA_13480	-	-	-
GCA_000017945-FLGBHGLA_13490	-	-	-
GCA_000017945-FLGBHGLA_13500	-	-	-
GCA_000017945-FLGBHGLA_13510	-	-	-
GCA_000017945-FLGBHGLA_13520	-	-	-
GCA_000017945-FLGBHGLA_13530	-	-	-
GCA_000017945-FLGBHGLA_13540	-	-	-
GCA_000017945-FLGBHGLA_13550	-	-	-
GCA_000017945-FLGBHGLA_13560	-	-	-
GCA_000017945-FLGBHGLA_13570	-	-	-
GCA_000017945-FLGBHGLA_13580	-	-	-
GCA_000017945-FLGBHGLA_13590	-	-	-
GCA_000017945-FLGBHGLA_13600	-	-	-
GCA_000017945-FLGBHGLA_13610	-	-	-
GCA_000017945-FLGBHGLA_13620	-	-	-
GCA_000017945-FLGBHGLA_13630	-	-	-
GCA_000017945-FLGBHGLA_13640	-	-	-
GCA_000017945-FLGBHGLA_13650	-	-	-
GCA_000017945-FLGBHGLA_13660	-	-	-
GCA_000017945-FLGBHGLA_13670	-	-	-
GCA_000017945-FLGBHGLA_13680	-	-	-
GCA_000017945-FLGBHGLA_13690	-	-	-
GCA_000017945-FLGBHGLA_13700	-	-	-
GCA_000017945-FLGBHGLA_13710	-	-	-
GCA_000017945-FLGBHGLA_13720	-	-	-
GCA_000017945-FLGBHGLA_13730	-	-	-
GCA_000017945-FLGBHGLA_13740	-	-	-
GCA_000017945-FLGBHGLA_13750	-	-	-
GCA_000017945-FLGBHGLA_13760	-	-	-
GCA_000017945-FLGBHGLA_13770	-	-	-
GCA_000017945-FLGBHGLA_13780	-	-	-
GCA_000017945-FLGBHGLA_13790	-	-	-
GCA_000017945-FLGBHGLA_13800	-	-	-
GCA_000017945-FLGBHGLA_13810	-	-	-
GCA_000017945-FLGBHGLA_13820	-	-	-
GCA_000017945-FLGBHGLA_13830	-	-	-
GCA_000017945-FLGBHGLA_13840	-	-	-
GCA_000017945-FLGBHGLA_13850	-	-	-
GCA_000017945-FLGBHGLA_13860	-	-	-
GCA_000017945-FLGBHGLA_13870	-	-	-
GCA_000017945-FLGBHGLA_13880	-	-	-
GCA_000017945-FLGBHGLA_13890	-	-	-
GCA_000017945-FLGBHGLA_13900	-	-	-
GCA_000017945-FLGBHGLA_13910	-	-	-
GCA_000017945-FLGBHGLA_13920	-	-	-
GCA_000017945-FLGBHGLA_13930	-	-	-
GCA_000017945-FLGBHGLA_13940	-	-	-
GCA_000017945-FLGBHGLA_13950	-	-	-
GCA_000017945-FLGBHGLA_13960	-	-	-
GCA_000017945-FLGBHGLA_13970	-	-	-
GCA_000017945-FLGBHGLA_13980	-	-	-
GCA_000017945-FLGBHGLA_13990	-	-	-
GCA_000017945-FLGBHGLA_14000	-	-	-
GCA_000017945-FLGBHGLA_14010	-	-	-
GCA_000017945-FLGBHGLA_14020	-	-	-
GCA_000017945-FLGBHGLA_14030	-	-	-
GCA_000017945-FLGBHGLA_14040	-	-	-
GCA_000017945-FLGBHGLA_14050	-	-	-
GCA_000017945-FLGBHGLA_14060	-	-	-
GCA_000017945-FLGBHGLA_14070	-	-	-
GCA_000017945-FLGBHGLA_14080	-	-	-
GCA_000017945-FLGBHGLA_14090	-	-	-
GCA_000017945-FLGBHGLA_14100	-	-	-
GCA_000017945-FLGBHGLA_14110	-	-	-
GCA_000017945-FLGBHGLA_14120	-	-	-
GCA_000017945-FLGBHGLA_14130	-	-	-
GCA_000017945-FLGBHGLA_14140	WP_012123507.1	[NiFe]_Group_1g	0.0
GCA_000017945-FLGBHGLA_14150	-	-	-
GCA_000017945-FLGBHGLA_14160	-	-	-
GCA_000017945-FLGBHGLA_14170	-	-	-
GCA_000017945-FLGBHGLA_14180	-	-	-
GCA_000017945-FLGBHGLA_14190	-	-	-
GCA_000017945-FLGBHGLA_14200	-	-	-
GCA_000017945-FLGBHGLA_14210	-	-	-
GCA_000017945-FLGBHGLA_14220	-	-	-
GCA_000017945-FLGBHGLA_14230	-	-	-
GCA_000017945-FLGBHGLA_14240	-	-	-
GCA_000017945-FLGBHGLA_14250	-	-	-
GCA_000017945-FLGBHGLA_14260	-	-	-
GCA_000017945-FLGBHGLA_14270	-	-	-
GCA_000017945-FLGBHGLA_14280	-	-	-
GCA_000017945-FLGBHGLA_14290	-	-	-
GCA_000017945-FLGBHGLA_14300	-	-	-
GCA_000017945-FLGBHGLA_14310	-	-	-
GCA_000017945-FLGBHGLA_14320	-	-	-
GCA_000017945-FLGBHGLA_14330	-	-	-
GCA_000017945-FLGBHGLA_14340	-	-	-
GCA_000017945-FLGBHGLA_14350	-	-	-
GCA_000017945-FLGBHGLA_14360	-	-	-
GCA_000017945-FLGBHGLA_14370	-	-	-
GCA_000017945-FLGBHGLA_14380	-	-	-
GCA_000017945-FLGBHGLA_14390	-	-	-
GCA_000017945-FLGBHGLA_14400	-	-	-
GCA_000017945-FLGBHGLA_14410	-	-	-
GCA_000017945-FLGBHGLA_14420	-	-	-
GCA_000017945-FLGBHGLA_14430	-	-	-
GCA_000017945-FLGBHGLA_14440	-	-	-
GCA_000017945-FLGBHGLA_14450	-	-	-
GCA_000017945-FLGBHGLA_14460	-	-	-
GCA_000017945-FLGBHGLA_14470	-	-	-
GCA_000017945-FLGBHGLA_14480	-	-	-
GCA_000017945-FLGBHGLA_14490	-	-	-
GCA_000017945-FLGBHGLA_14500	-	-	-
GCA_000017945-FLGBHGLA_14510	-	-	-
GCA_000017945-FLGBHGLA_14520	-	-	-
GCA_000017945-FLGBHGLA_14530	-	-	-
GCA_000017945-FLGBHGLA_14540	-	-	-
GCA_000017945-FLGBHGLA_14550	-	-	-
GCA_000017945-FLGBHGLA_14560	-	-	-
GCA_000017945-FLGBHGLA_14570	-	-	-
GCA_000017945-FLGBHGLA_14580	-	-	-
GCA_000017945-FLGBHGLA_14590	-	-	-
GCA_000017945-FLGBHGLA_14600	-	-	-
GCA_000017945-FLGBHGLA_14610	-	-	-
GCA_000017945-FLGBHGLA_14620	-	-	-
GCA_000017945-FLGBHGLA_14630	-	-	-
GCA_000017945-FLGBHGLA_14640	-	-	-
GCA_000017945-FLGBHGLA_14650	-	-	-
GCA_000017945-FLGBHGLA_14660	-	-	-
GCA_000017945-FLGBHGLA_14670	-	-	-
GCA_000017945-FLGBHGLA_14680	-	-	-
GCA_000017945-FLGBHGLA_14690	-	-	-
GCA_000017945-FLGBHGLA_14700	-	-	-
GCA_000017945-FLGBHGLA_14710	-	-	-
GCA_000017945-FLGBHGLA_14720	-	-	-
GCA_000017945-FLGBHGLA_14730	-	-	-
GCA_000017945-FLGBHGLA_14740	-	-	-
GCA_000017945-FLGBHGLA_14750	-	-	-
GCA_000017945-FLGBHGLA_14760	-	-	-
GCA_000017945-FLGBHGLA_14770	-	-	-
GCA_000017945-FLGBHGLA_14780	-	-	-
GCA_000017945-FLGBHGLA_14790	-	-	-
GCA_000017945-FLGBHGLA_14800	-	-	-
GCA_000017945-FLGBHGLA_14810	-	-	-
GCA_000017945-FLGBHGLA_14820	-	-	-
GCA_000017945-FLGBHGLA_14830	-	-	-
GCA_000017945-FLGBHGLA_14840	-	-	-
GCA_000017945-FLGBHGLA_14850	-	-	-
GCA_000017945-FLGBHGLA_14860	-	-	-
GCA_000017945-FLGBHGLA_14870	-	-	-
GCA_000017945-FLGBHGLA_14880	-	-	-
GCA_000017945-FLGBHGLA_14890	-	-	-
